Sequence,Index,Curvature / 0.0234 [10],Bend Angle / 2.3728  [2],Curvature Angle / 2.3728  [15],Helix Axis [x],Helix Axis [y],Helix Axis [z],Phosphate 1 [x],Phosphate 1 [y],Phosphate 1 [z],Phosphate 2 [x],Phosphate 2 [y],Phosphate 2 [z],Basepair Normal [x],Basepair Normal [y],Basepair Normal [z],Smoothed Normal [x],Smoothed Normal [y],Smoothed Normal [z]
T,1,0,0,0,-356.07592,-33.49023,-236.08125,-363.68543,-33.63166,-241.15961,-349.19917,-34.49307,-230.12985,0.21115,-0.67477,-0.70718,0.12755,-0.38296,-0.37309
A,2,0,0,0,-356.76542,-31.17217,-233.71998,-364.82719,-35.30819,-234.9911,-348.47884,-28.14414,-231.2955,0.20399,-0.68582,-0.6986,0.15307,-0.45329,-0.43943
T,3,0,0.02809,0,-357.47555,-28.7513,-231.47065,-363.26993,-35.46006,-229.20517,-350.6847,-22.73846,-232.67254,0.2101,-0.71623,-0.66548,0.17774,-0.51973,-0.50974
G,4,0,0.02999,0,-358.38114,-26.39466,-229.22331,-359.45439,-34.21012,-224.58852,-355.81328,-18.58842,-233.24615,0.26793,-0.69723,-0.66489,0.20063,-0.5821,-0.58446
T,5,0,0.01567,0,-359.22636,-24.00918,-226.98288,-355.28793,-30.43415,-221.79413,-361.67877,-16.96017,-232.27547,0.25006,-0.70576,-0.66285,0.22546,-0.64549,-0.65757
A,6,0,0.04663,0,-360.12032,-21.64452,-224.73931,-352.17272,-24.74807,-221.43506,-367.15721,-17.45796,-228.82215,0.26449,-0.69961,-0.66378,0.23836,-0.67889,-0.69448
C,7,0,0.05303,0,-360.95186,-19.25491,-222.49817,-351.82227,-18.73366,-222.80352,-370.04124,-18.66423,-223.36349,0.24602,-0.70698,-0.66306,0.2383,-0.67626,-0.69706
G,8,0,0.03266,0,-361.78755,-17.15312,-219.9865,-354.22159,-13.34954,-223.45111,-370.13679,-20.01268,-217.57247,0.24724,-0.62183,-0.7431,0.24022,-0.67424,-0.69835
G,9,0,0.03817,0,-362.49926,-15.03885,-217.44726,-358.93356,-9.51836,-223.81315,-367.48108,-20.20568,-211.77277,0.21057,-0.62553,-0.75125,0.238,-0.67753,-0.69593
C,10,0,0.0044,0,-363.46657,-12.86811,-215.0438,-365.56362,-8.46802,-222.78693,-362.87626,-17.84318,-207.38778,0.28618,-0.64223,-0.71108,0.23588,-0.68241,-0.69187
G,11,0.1982,0.06381,0,-364.05937,-10.57181,-212.63549,-370.19528,-8.45447,-219.0839,-359.09344,-13.62452,-205.58319,0.17539,-0.67938,-0.71252,0.23651,-0.68762,-0.68647
C,12,0.24253,0.06055,0,-364.86332,-8.45486,-210.12619,-373.02008,-10.95074,-213.43561,-356.88837,-7.21381,-205.81637,0.23785,-0.62632,-0.7424,0.23498,-0.69695,-0.67753
T,13,0.23991,0.06347,0,-365.58597,-5.97589,-207.94516,-373.07421,-11.22673,-207.6816,-357.58152,-1.64835,-206.98826,0.2138,-0.73342,-0.64528,0.23157,-0.7182,-0.65618
A,14,0.21987,0.0794,0,-366.32551,-3.46688,-205.80451,-370.20307,-10.76375,-201.87581,-361.15844,3.44734,-208.83923,0.2188,-0.74231,-0.63333,0.22808,-0.74229,-0.63007
T,15,0.20732,0.06324,0,-367.1867,-0.92412,-203.75095,-366.46977,-8.04741,-198.05364,-366.34558,6.44852,-209.10362,0.25479,-0.75229,-0.60756,0.21861,-0.76105,-0.61075
A,16,0.19653,0.11001,0.41868,-368.099,1.61012,-201.70896,-362.34738,-3.26784,-196.52833,-372.53218,7.31325,-207.32463,0.26991,-0.74978,-0.60414,0.21317,-0.77736,-0.59184
A,17,0.16849,0.05216,0.36704,-368.7885,4.39867,-199.92767,-360.09064,2.61632,-197.71749,-376.85172,7.08879,-203.31328,0.204,-0.82501,-0.52701,0.21177,-0.79301,-0.57122
A,18,0.10092,0.06988,0.3102,-369.49156,7.39076,-198.52143,-360.6735,8.19591,-200.82536,-378.6005,7.20485,-197.68052,0.20801,-0.88523,-0.41605,0.20672,-0.80156,-0.56104
G,19,0.05734,0.00865,0.24517,-370.08113,10.16606,-196.68444,-363.52847,12.85775,-202.47513,-377.65449,8.00719,-192.02633,0.17443,-0.82109,-0.54349,0.20036,-0.79902,-0.56695
G,20,0.03603,0.06589,0.16048,-370.54539,12.96549,-194.84813,-368.54244,16.23549,-203.15535,-374.08287,9.76798,-187.03938,0.13736,-0.82823,-0.54329,0.1936,-0.79524,-0.57456
C,21,0.0834,0.05729,0.09678,-371.28778,15.76749,-193.10973,-374.98142,17.37639,-201.32453,-369.04106,13.5447,-184.52335,0.21964,-0.82899,-0.51432,0.18813,-0.79367,-0.57853
A,22,0.11148,0.10496,0.10424,-371.87378,18.52513,-191.24521,-379.36079,17.91673,-196.4691,-365.22448,18.24237,-184.96657,0.17337,-0.81587,-0.55163,0.18284,-0.79161,-0.58303
A,23,0.09939,0.06903,0.10748,-372.49529,21.01736,-189.04818,-380.72331,17.19827,-190.24353,-364.11971,23.79376,-186.62831,0.18388,-0.73734,-0.65001,0.18095,-0.78483,-0.59271
A,24,0.07265,0.05199,0.11021,-372.89229,23.28057,-186.56934,-378.65172,16.57548,-184.20606,-366.05814,29.18601,-188.03041,0.11745,-0.66959,-0.73338,0.18305,-0.77441,-0.60563
G,25,0.07654,0.03997,0.11366,-373.62662,25.75415,-184.38609,-375.57815,18.1644,-179.66362,-370.20571,33.20187,-188.45344,0.21726,-0.73183,-0.64593,0.18679,-0.76649,-0.6145
T,26,0.08779,0.09484,0.1145,-374.29791,28.25047,-182.20845,-371.14373,21.57172,-176.80845,-375.91034,35.40518,-187.67879,0.19861,-0.73856,-0.64427,0.18354,-0.76027,-0.62314
C,27,0.10912,0.00758,0.11117,-374.87498,30.94713,-180.25412,-367.3862,27.24095,-176.52626,-381.32282,35.51624,-184.86531,0.17073,-0.79783,-0.5782,0.18222,-0.75511,-0.62977
C,28,0.12766,0.02578,0.1023,-375.57636,33.63372,-178.32676,-366.43428,33.29565,-178.17632,-384.51895,34.94009,-179.75434,0.20751,-0.79485,-0.57022,0.1945,-0.75405,-0.62736
G,29,0.15923,0.03109,0.0946,-376.32166,36.06554,-176.10074,-368.27719,38.7696,-179.51966,-385.00704,34.25079,-173.86792,0.2205,-0.71947,-0.65859,0.2153,-0.75857,-0.61499
A,30,0.19308,0.01495,0.09187,-376.88519,38.68896,-174.04538,-372.84593,42.55214,-181.28932,-382.30282,35.14115,-167.58187,0.16672,-0.77616,-0.60809,0.23478,-0.76468,-0.60013
T,31,0.2462,0.06978,0.08838,-377.31728,41.27974,-171.91804,-378.10378,45.19459,-180.15029,-378.13193,37.17607,-163.78105,0.12784,-0.7665,-0.62939,0.2467,-0.77062,-0.5876
T,32,0.25479,0.08266,0.08447,-378.13001,43.92434,-169.9764,-383.38366,45.08476,-177.37689,-374.1365,41.9437,-161.9862,0.24045,-0.78243,-0.57445,0.2578,-0.77625,-0.57531
T,33,0.23727,0.11104,0.08506,-379.34329,46.42182,-168.04898,-386.71746,43.58548,-172.66321,-372.42602,48.17873,-162.32367,0.35896,-0.7389,-0.57024,0.26865,-0.7805,-0.56449
A,34,0.2079,0.0337,0.08992,-380.54139,48.95448,-166.15832,-387.46019,42.96803,-166.24199,-373.15519,54.1642,-164.73798,0.35447,-0.74931,-0.55937,0.27887,-0.78776,-0.54925
T,35,0.19714,0.06497,0.09239,-381.78263,51.55827,-164.39651,-385.917,44.32653,-160.61189,-376.52195,58.5594,-167.04679,0.36723,-0.77035,-0.52125,0.29339,-0.79519,-0.53065
C,36,0.18074,0.06093,0.094,-382.74098,54.29658,-162.66226,-382.11969,47.8521,-156.19719,-381.81935,61.05133,-168.7646,0.28354,-0.81015,-0.51309,0.31221,-0.79902,-0.5139
A,37,0.16236,0.03538,0.09804,-383.77234,57.11296,-161.10382,-378.43343,53.10843,-154.84488,-387.75921,61.86931,-167.82666,0.30514,-0.83325,-0.46108,0.32703,-0.80004,-0.50298
C,38,0.15713,0.03722,0.10454,-384.74032,59.94116,-159.52626,-376.22264,58.65133,-156.44404,-392.5536,62.11539,-163.7618,0.28638,-0.83675,-0.46673,0.33078,-0.80175,-0.49778
A,39,0.14788,0.01964,0.11052,-385.90353,62.71235,-157.97971,-377.02289,64.56622,-159.16799,-394.97902,61.57667,-158.22485,0.34415,-0.81988,-0.45756,0.32559,-0.8094,-0.48874
C,40,0.14146,0.0387,0.11179,-387.03446,65.52149,-156.47834,-380.57193,68.65123,-162.14887,-394.50397,62.64726,-152.0444,0.3346,-0.83111,-0.44419,0.31817,-0.81989,-0.47597
C,41,0.14665,0.03068,0.11365,-388.1955,68.26084,-154.87447,-386.17627,71.43372,-163.21533,-391.68538,64.82353,-147.14659,0.3435,-0.81046,-0.47452,0.3148,-0.82615,-0.46731
A,42,0.17274,0.03339,0.11547,-389.31061,70.90772,-153.09264,-392.40349,72.62844,-161.52992,-387.6363,68.44522,-144.44121,0.32991,-0.7831,-0.52717,0.31305,-0.82881,-0.46376
C,43,0.18061,0.04373,0.11394,-390.4864,73.54702,-151.33878,-397.06734,72.05801,-157.51847,-384.75708,74.03375,-144.22173,0.34787,-0.78086,-0.51889,0.31325,-0.83167,-0.45848
T,44,0.15529,0.04193,0.1099,-391.3755,76.46311,-149.87922,-399.40859,72.81973,-152.31019,-383.57796,79.33448,-146.04932,0.26305,-0.86275,-0.43182,0.31127,-0.83915,-0.44603
G,45,0.1341,0.05559,0.10349,-392.42353,79.38871,-148.54997,-399.08253,73.55281,-146.24468,-385.11,84.81461,-149.43682,0.31007,-0.86556,-0.39327,0.30516,-0.84892,-0.43152
C,46,0.13975,0.02913,0.09264,-393.34818,82.22839,-146.96705,-395.45536,75.6948,-140.91838,-389.81527,88.80393,-152.25812,0.27357,-0.84014,-0.46832,0.29906,-0.85752,-0.4186
C,47,0.14774,0.05564,0.07876,-394.29408,85.12173,-145.49795,-391.52093,80.01141,-138.43334,-395.5386,90.75183,-152.60201,0.27985,-0.85602,-0.43465,0.29089,-0.86761,-0.40327
A,48,0.15714,0.06763,0.0688,-395.35682,88.05333,-144.19383,-388.37542,85.76089,-138.74229,-401.22105,91.13343,-150.50559,0.31442,-0.86734,-0.38584,0.28288,-0.87624,-0.3901
A,49,0.12836,0.04571,0.06741,-396.26948,91.16661,-143.24571,-387.2089,91.1769,-141.97283,-404.97932,91.70881,-145.99514,0.27002,-0.92109,-0.28051,0.27909,-0.87924,-0.38607
T,50,0.11253,0.03623,0.08103,-397.21451,94.22423,-142.15839,-388.84174,95.7131,-145.53397,-406.09698,93.10659,-140.26971,0.27959,-0.90462,-0.32169,0.27394,-0.87944,-0.38929
A,51,0.09803,0.06895,0.10571,-398.14266,97.26928,-141.02234,-393.37021,99.23383,-148.57738,-404.19397,95.28285,-134.45345,0.2746,-0.9009,-0.33611,0.26516,-0.8821,-0.38935
T,52,0.08204,0.05697,0.131,-398.94845,100.31327,-139.79382,-398.83371,101.68467,-148.8393,-400.62999,98.61342,-130.96221,0.2384,-0.90059,-0.36346,0.25627,-0.88683,-0.38451
C,53,0.08778,0.05255,0.15315,-399.91701,103.20767,-138.34168,-404.89414,102.96308,-146.01519,-396.19866,102.69456,-129.99751,0.28655,-0.85633,-0.42963,0.24586,-0.89198,-0.37937
C,54,0.09831,0.03151,0.1743,-400.77057,106.11029,-136.83481,-408.55791,103.48709,-140.85859,-393.53247,107.90958,-131.5351,0.25254,-0.85876,-0.44582,0.23875,-0.89375,-0.37974
C,55,0.08909,0.05069,0.1955,-401.5033,109.05201,-135.34023,-409.31741,104.34779,-134.61595,-393.33568,113.11328,-134.62572,0.21678,-0.87033,-0.44218,0.234,-0.89208,-0.38658
C,56,0.09178,0.05925,0.21435,-402.14999,112.05058,-133.9208,-407.19844,106.26308,-128.94763,-395.95582,117.56236,-137.78954,0.19133,-0.88715,-0.41995,0.22824,-0.89098,-0.3925
C,57,0.12523,0.04517,0.22777,-402.77438,115.10461,-132.61412,-403.19527,109.59605,-125.32076,-400.79268,120.7674,-139.5221,0.18473,-0.90356,-0.38659,0.22474,-0.89022,-0.39624
A,58,0.18334,0.0139,0.24018,-403.45603,118.22033,-131.49517,-398.86944,114.46447,-124.52587,-406.58998,122.47381,-138.96517,0.20167,-0.92181,-0.33105,0.21811,-0.89162,-0.39679
T,59,0.23463,0.01791,0.25435,-404.27488,121.28561,-130.32985,-396.26518,119.58041,-126.24923,-411.38711,123.67074,-135.56835,0.24226,-0.90689,-0.34477,0.2079,-0.89531,-0.39395
G,60,0.28031,0.02999,0.26774,-404.99921,124.30225,-128.98837,-395.89086,124.53085,-129.82516,-414.11645,124.72812,-129.62808,0.2143,-0.8925,-0.39689,0.20211,-0.8958,-0.39583
T,61,0.33442,0.04002,0.28107,-405.76403,127.33164,-127.69907,-398.61829,129.12418,-133.12491,-413.8014,125.86959,-123.57868,0.22628,-0.89627,-0.38145,0.19893,-0.89015,-0.40996
A,62,0.38839,0.02341,0.29814,-406.49943,130.34978,-126.36701,-403.92739,132.41384,-134.90157,-410.55921,128.19792,-118.45486,0.21758,-0.89294,-0.3941,0.18996,-0.87982,-0.4357
T,63,0.44888,0.06324,0.31444,-407.09285,133.37316,-124.97724,-409.37494,134.63152,-133.74782,-406.36386,131.71868,-116.00808,0.17557,-0.89449,-0.41118,0.16875,-0.86697,-0.46892
A,64,0.50934,0.11001,0.32598,-407.63513,136.40918,-123.59416,-414.374,135.69011,-129.74112,-401.95605,136.47132,-116.42069,0.16044,-0.89823,-0.40919,0.14,-0.8524,-0.50379
A,65,0.55776,0.14059,0.33586,-408.28466,139.23417,-121.85579,-416.62842,135.9894,-123.74459,-400.06826,141.61401,-118.609,0.19217,-0.8358,-0.51431,0.10653,-0.83907,-0.5335
A,66,0.57895,0.16358,0.34723,-408.77457,141.85487,-119.77821,-415.4634,136.06698,-117.43848,-401.23087,146.89319,-120.97085,0.14494,-0.77535,-0.61467,0.06774,-0.82599,-0.5596
A,67,0.57657,0.12684,0.35734,-408.90063,144.35817,-117.51061,-411.32403,137.00755,-112.63106,-404.97572,151.35269,-121.91359,0.0373,-0.74062,-0.67089,0.02853,-0.81101,-0.58434
A,68,0.55928,0.1307,0.3622,-408.60138,146.87702,-115.27673,-405.82241,139.55721,-110.54258,-409.82149,154.35793,-120.40136,-0.08854,-0.74522,-0.66091,-0.01332,-0.79384,-0.60798
T,69,0.54295,0.08447,0.36616,-408.45042,149.37799,-113.00808,-401.62966,143.83952,-110.45524,-414.14556,155.6566,-116.45176,-0.04466,-0.73993,-0.6712,-0.05822,-0.77411,-0.63037
T,70,0.52015,0.03544,0.3695,-407.89938,151.94117,-110.87481,-399.46268,148.91654,-112.71553,-416.09928,155.95742,-110.28672,-0.16303,-0.75834,-0.63115,-0.10432,-0.7564,-0.64573
A,71,0.50092,0.09416,0.37068,-407.35618,154.47144,-108.70063,-400.27417,155.11916,-114.45737,-415.16951,154.84931,-103.95473,-0.16071,-0.7486,-0.64325,-0.14438,-0.74182,-0.65487
C,72,0.4985,0.05303,0.37129,-406.80092,157.04279,-106.57831,-403.7208,160.24509,-114.5766,-411.2862,154.50542,-99.01799,-0.16428,-0.76076,-0.6279,-0.17068,-0.72677,-0.66534
G,73,0.47364,0.05187,0.37565,-405.90635,159.43423,-104.36355,-407.38244,164.16794,-112.053,-405.9875,154.99525,-96.36334,-0.26467,-0.70753,-0.65525,-0.18666,-0.70617,-0.683
G,74,0.45776,0.05541,0.38385,-404.94596,161.88354,-102.24153,-411.07302,166.0597,-107.60188,-400.08434,157.3813,-95.9321,-0.28414,-0.72465,-0.62781,-0.20021,-0.68109,-0.70429
T,75,0.46687,0.09382,0.39075,-404.00453,164.29444,-100.06767,-412.82926,166.1832,-101.57475,-395.72861,161.51228,-97.33212,-0.27853,-0.71328,-0.64316,-0.21003,-0.6544,-0.72639
T,76,0.4781,0.14819,0.39246,-403.36992,166.55598,-97.63722,-412.04783,164.14731,-96.02269,-394.32049,167.76679,-98.23413,-0.18775,-0.6691,-0.71907,-0.21147,-0.62201,-0.75391
T,77,0.46768,0.14088,0.39016,-402.83266,168.50726,-94.93014,-408.46456,162.03751,-91.74603,-396.02063,173.98482,-97.63329,-0.15895,-0.5773,-0.80091,-0.21177,-0.58212,-0.78504
T,78,0.43047,0.10206,0.38779,-402.14581,170.10679,-92.03288,-403.00522,161.37583,-89.4355,-399.72068,178.48221,-94.80516,-0.20321,-0.47323,-0.85718,-0.21093,-0.54486,-0.81156
A,79,0.40761,0.10467,0.38478,-401.51051,171.7178,-89.13022,-397.11529,163.75979,-88.09744,-404.50454,180.20769,-90.76488,-0.18796,-0.47663,-0.85877,-0.20497,-0.51275,-0.83371
C,80,0.36985,0.06622,0.3841,-400.81026,173.31233,-86.2334,-393.1874,168.52289,-87.86671,-407.69892,179.27964,-85.42593,-0.20717,-0.47175,-0.85705,-0.19952,-0.4783,-0.85523
T,81,0.31654,0.03558,0.38407,-400.35733,174.5384,-83.11635,-391.82718,173.91614,-86.36655,-408.85201,176.66151,-80.46166,-0.134,-0.36274,-0.9222,-0.20245,-0.44627,-0.8717
G,82,0.2543,0.02321,0.38029,-399.72622,175.66189,-79.99163,-393.23585,179.71332,-85.00915,-407.08077,172.94064,-75.27784,-0.18672,-0.33239,-0.92447,-0.21071,-0.42525,-0.88021
A,83,0.24116,0.05367,0.3712,-398.95941,177.0358,-77.00018,-397.33274,183.84282,-82.89364,-402.0716,170.85574,-71.01389,-0.22687,-0.40648,-0.88504,-0.21698,-0.4162,-0.883
C,84,0.22391,0.05675,0.35936,-398.22836,178.4642,-74.02535,-401.74135,185.39656,-78.854,-396.23548,171.29056,-68.70729,-0.21629,-0.4226,-0.88013,-0.22624,-0.40692,-0.885
A,85,0.21154,0.01833,0.34836,-397.36253,179.74064,-71.01778,-404.90245,184.44965,-73.18328,-390.84176,174.01091,-68.12569,-0.25616,-0.37764,-0.88981,-0.24058,-0.39616,-0.8861
T,86,0.19462,0.01791,0.34293,-396.40084,181.11267,-68.0823,-405.51848,181.83221,-67.82656,-387.51734,178.97623,-67.59908,-0.28452,-0.40592,-0.86849,-0.25401,-0.39084,-0.88472
G,87,0.21114,0.03412,0.34091,-395.60049,182.61163,-65.16049,-403.46643,178.35606,-63.22877,-387.03696,185.50242,-66.58312,-0.23679,-0.44348,-0.86444,-0.26276,-0.38801,-0.8834
T,88,0.25359,0.03296,0.33342,-394.74143,184.07778,-62.23871,-398.79221,176.32259,-59.56237,-389.32877,190.96548,-64.88016,-0.25416,-0.43377,-0.86443,-0.26887,-0.37589,-0.8868
T,89,0.27833,0.05297,0.31735,-393.65645,185.19054,-59.23721,-392.93191,176.10187,-58.47193,-392.85569,194.21294,-60.52929,-0.321,-0.32922,-0.88802,-0.27688,-0.35647,-0.89234
C,90,0.32325,0.05515,0.29674,-392.44552,186.54769,-56.38832,-386.98468,179.33193,-57.7398,-396.80445,194.57692,-55.89272,-0.35826,-0.40152,-0.84287,-0.29157,-0.34074,-0.8938
T,91,0.37111,0.07068,0.27999,-391.59574,187.65511,-53.31002,-383.82123,183.95939,-56.41054,-398.80971,192.7202,-50.85688,-0.25141,-0.32764,-0.91074,-0.30641,-0.32734,-0.89385
A,92,0.41572,0.06989,0.26832,-390.76449,188.71738,-50.21083,-383.15904,190.27473,-55.05297,-398.76907,188.6702,-45.77925,-0.24593,-0.31428,-0.91692,-0.31774,-0.30784,-0.89681
G,93,0.43512,0.09559,0.26229,-389.80356,189.30946,-47.02485,-384.40368,194.86473,-51.89259,-396.2042,185.02009,-42.09053,-0.2843,-0.17517,-0.9426,-0.33186,-0.27522,-0.90229
A,94,0.45514,0.06172,0.26376,-388.74681,190.18488,-43.93595,-388.48859,198.08747,-48.53996,-390.50908,182.72342,-38.94241,-0.31265,-0.259,-0.91388,-0.34936,-0.2392,-0.90594
G,95,0.45437,0.03471,0.26632,-387.2383,190.93244,-41.00509,-391.02167,198.88545,-43.48505,-384.84574,182.72523,-37.74443,-0.44631,-0.22117,-0.86712,-0.37219,-0.20132,-0.90606
A,96,0.48376,0.09524,0.26632,-385.93896,191.91267,-38.04278,-393.8212,196.53714,-38.48897,-378.92808,186.15799,-36.8404,-0.38442,-0.29001,-0.87642,-0.40779,-0.16707,-0.89766
A,97,0.49958,0.10375,0.26667,-384.71476,192.49457,-34.94647,-393.76604,192.36936,-33.61487,-375.73771,191.03976,-35.95178,-0.36219,-0.17216,-0.91607,-0.45359,-0.1468,-0.87904
A,98,0.49196,0.16358,0.27019,-383.34223,192.67634,-31.86304,-390.82571,187.58842,-30.51205,-375.11683,196.35109,-33.46098,-0.40607,-0.05378,-0.91226,-0.49812,-0.13786,-0.85608
A,99,0.46467,0.16358,0.27603,-381.65611,192.61317,-28.93432,-385.45008,184.29669,-29.32994,-376.60525,200.23456,-29.27732,-0.49885,0.01869,-0.86648,-0.53463,-0.12975,-0.83506
A,100,0.42794,0.16358,0.28287,-379.61416,192.55636,-26.24144,-379.04451,184.0122,-29.46438,-378.91519,201.39299,-23.9743,-0.60413,0.01681,-0.79671,-0.5592,-0.1179,-0.82061
A,101,0.37687,0.12684,0.28657,-377.31376,192.75472,-23.773,-373.41847,187.07308,-29.79465,-380.43655,199.59837,-18.56463,-0.68059,-0.05869,-0.73031,-0.58165,-0.10001,-0.80727
A,102,0.31649,0.07033,0.28901,-374.9537,193.35692,-21.42952,-370.07559,192.5049,-29.1232,-379.86862,195.78134,-14.10284,-0.69824,-0.17817,-0.69334,-0.6127,-0.08679,-0.78554
T,103,0.27125,0.03194,0.29024,-372.59258,193.80923,-19.05362,-368.88675,197.73216,-26.44226,-376.88993,191.3573,-11.35717,-0.69856,-0.13382,-0.70293,-0.64262,-0.08977,-0.76091
C,104,0.25519,0.0586,0.2867,-370.46643,194.29826,-16.472,-369.74516,202.06168,-21.25987,-372.34982,187.31046,-10.87397,-0.62904,-0.14468,-0.76379,-0.66031,-0.10879,-0.74308
C,105,0.24545,0.0236,0.28325,-368.32213,194.66111,-13.88459,-371.41016,203.16722,-15.23543,-366.46478,186.02639,-11.49579,-0.63441,-0.10735,-0.76551,-0.66729,-0.1382,-0.73186
A,106,0.24038,0.0225,0.27729,-366.08624,194.84965,-11.35681,-372.34309,201.12213,-9.07155,-360.73337,187.56454,-12.76695,-0.66151,-0.05578,-0.74786,-0.67039,-0.15952,-0.72466
G,107,0.1962,0.07351,0.26648,-363.60684,195.3595,-9.11694,-371.10749,197.89041,-4.52901,-356.38218,191.3705,-13.06747,-0.73355,-0.15084,-0.66268,-0.67325,-0.16407,-0.72098
A,108,0.17325,0.09368,0.25291,-361.3436,195.83303,-6.6516,-368.68137,192.70896,-2.16699,-353.57873,197.40232,-11.22966,-0.6696,-0.1401,-0.72939,-0.67885,-0.16154,-0.71629
G,109,0.1645,0.01949,0.23998,-359.24752,196.77269,-4.17211,-364.01451,189.94078,-0.38856,-353.44306,202.44704,-8.39401,-0.62014,-0.27801,-0.73358,-0.69145,-0.15803,-0.70493
T,110,0.211,0.02915,0.22467,-357.09916,197.70053,-1.73324,-357.86718,188.6667,-0.50254,-355.08435,206.35408,-3.91755,-0.63561,-0.27451,-0.72156,-0.70392,-0.15329,-0.69354
T,111,0.22763,0.10672,0.20448,-354.6745,198.35511,0.52882,-352.44157,190.03952,-2.56626,-355.94981,207.21127,2.44103,-0.71736,-0.19366,-0.66925,-0.71531,-0.15078,-0.68234
G,112,0.24808,0.11293,0.17975,-352.24333,198.80837,2.83282,-348.00757,194.08331,-3.75859,-355.96306,204.83746,8.62317,-0.71928,-0.1341,-0.68165,-0.72617,-0.14582,-0.67187
A,113,0.24521,0.04977,0.15518,-349.60476,199.23207,4.90231,-345.84823,199.87403,-3.4158,-353.53208,200.19233,13.11014,-0.78064,-0.12535,-0.61228,-0.737,-0.13735,-0.66179
T,114,0.23321,0.06222,0.13503,-346.95268,199.50322,6.98014,-344.55834,204.72547,-0.14093,-349.96353,195.64385,14.71025,-0.78464,-0.08022,-0.61474,-0.75027,-0.11642,-0.6508
C,115,0.23967,0.02711,0.11881,-344.50509,199.76331,9.29661,-344.88466,208.17552,5.7182,-345.19746,191.91273,13.94458,-0.72414,-0.07695,-0.68535,-0.76473,-0.08309,-0.63897
G,116,0.21768,0.01745,0.10601,-341.81248,199.88448,11.33611,-345.03892,208.44089,11.64026,-339.54187,191.07469,12.30894,-0.79663,-0.03585,-0.6034,-0.77319,-0.0574,-0.63157
G,117,0.1983,0.05541,0.0955,-339.09297,200.12146,13.32924,-345.01084,205.93753,17.18498,-333.81515,193.21337,10.47663,-0.80459,-0.07011,-0.58968,-0.77776,-0.03973,-0.62731
T,118,0.17786,0.04172,0.08893,-336.37679,200.29221,15.33362,-343.33955,201.38098,21.16877,-329.56429,197.6312,9.83604,-0.80361,-0.05052,-0.59301,-0.78265,-0.0271,-0.62187
T,119,0.12497,0.05297,0.08922,-333.82872,200.1318,17.54858,-340.71911,196.0886,22.00835,-326.58568,202.68492,12.57521,-0.75387,0.04746,-0.65531,-0.78309,-0.01634,-0.62169
C,120,0.05919,0.03923,0.09967,-331.08905,199.92943,19.51776,-335.36312,191.99142,21.07817,-326.03953,207.05716,16.7952,-0.81055,0.05987,-0.5826,-0.78727,-0.00551,-0.61659
T,121,0.03188,0.05195,0.11817,-328.60994,199.99222,21.81438,-329.74392,191.054,20.22165,-326.37853,208.85603,22.2245,-0.73346,-0.01858,-0.67947,-0.7893,-0.00178,-0.614
T,122,0.01997,0.02425,0.13894,-325.89436,199.84847,23.8217,-324.53934,192.9291,17.99068,-326.41309,207.64367,28.58408,-0.80343,0.04253,-0.59388,-0.7833,-0.00096,-0.62164
C,123,0.02915,0.05847,0.15866,-323.18802,200.01886,25.8394,-319.61463,197.62323,17.76436,-326.49068,203.92911,33.4234,-0.80069,-0.05041,-0.59695,-0.77743,0.00082,-0.62897
G,124,0.05662,0.05206,0.17519,-320.56628,199.81828,27.96322,-316.65361,202.22455,20.05023,-324.57632,199.00132,36.14653,-0.77567,0.05934,-0.62835,-0.77708,-0.00224,-0.62939
A,125,0.07829,0.0437,0.18993,-317.79514,199.8202,29.89847,-316.34776,206.81944,24.18618,-319.91474,193.93099,36.57223,-0.81986,-0.00057,-0.57256,-0.77808,-0.01298,-0.62804
A,126,0.06186,0.04115,0.20524,-315.2793,199.94762,32.15207,-316.84081,208.76581,30.27707,-314.79213,191.33958,35.21455,-0.74433,-0.0377,-0.66675,-0.77799,-0.02218,-0.62789
C,127,0.03425,0.02152,0.21784,-312.79683,200.12283,34.43923,-317.82465,207.5487,36.25364,-308.71663,191.96601,33.70934,-0.73446,-0.05184,-0.67667,-0.77547,-0.02887,-0.63072
C,128,0.03753,0.03581,0.22444,-310.23842,200.23543,36.64518,-317.20892,203.82795,41.35903,-303.75147,195.23774,32.56386,-0.75693,-0.03331,-0.65265,-0.77129,-0.03393,-0.63557
A,129,0.03551,0.0139,0.22608,-307.55035,200.33991,38.69158,-314.4803,198.71934,44.44171,-300.49787,200.35199,32.86262,-0.79529,-0.03091,-0.60545,-0.76918,-0.04136,-0.63769
T,130,0.07399,0.01462,0.22275,-304.87668,200.59698,40.74336,-310.22312,194.54312,45.0423,-298.86863,205.35424,35.74473,-0.79103,-0.07606,-0.60704,-0.76436,-0.04438,-0.64326
G,131,0.13129,0.0152,0.21877,-302.32962,200.82113,42.95394,-304.84009,192.04336,43.55626,-298.79111,209.07864,41.21985,-0.75357,-0.06632,-0.65402,-0.76311,-0.03913,-0.64508
G,132,0.21872,0.02783,0.21465,-299.84685,200.96766,45.24278,-299.02789,192.5206,41.82357,-299.62143,209.83092,47.50246,-0.73455,-0.04335,-0.67717,-0.77209,-0.0323,-0.63469
C,133,0.28921,0.05856,0.20839,-297.18303,201.18954,47.31141,-293.86331,196.59204,40.13109,-299.99843,207.10206,53.70126,-0.78811,-0.06565,-0.61202,-0.78406,-0.02206,-0.62029
A,134,0.37343,0.03635,0.20532,-294.65053,201.43972,49.53588,-290.38734,201.99571,41.45933,-298.99205,202.49428,57.52047,-0.74926,-0.07402,-0.65813,-0.79276,-0.01267,-0.60941
G,135,0.43392,0.07351,0.20283,-292.1096,201.19465,51.75128,-288.46391,206.09462,44.93851,-296.1603,197.7286,59.18719,-0.75176,0.07251,-0.65544,-0.80042,0.00465,-0.59943
A,136,0.49171,0.09368,0.20063,-289.45414,201.21473,53.84233,-289.16893,209.53106,50.03817,-290.64065,193.60659,58.78429,-0.78564,-0.00594,-0.61866,-0.81236,0.03449,-0.58214
G,137,0.508,0.07664,0.20306,-286.54692,201.03399,55.55693,-288.48794,209.9743,55.69017,-285.42838,192.04029,56.81263,-0.86012,0.05347,-0.50728,-0.83145,0.06814,-0.5514
T,138,0.52029,0.10127,0.20861,-283.66853,200.81031,57.31455,-288.13644,207.61168,61.49709,-279.93333,193.05604,54.21068,-0.8516,0.06618,-0.52,-0.85069,0.10336,-0.51541
A,139,0.5436,0.10216,0.21175,-280.7664,200.61799,59.03649,-286.89661,202.66252,65.51375,-274.96212,197.03739,52.93697,-0.85862,0.0569,-0.50945,-0.86349,0.14456,-0.4832
A,140,0.54215,0.14059,0.21476,-277.87561,200.00657,60.6778,-284.2484,196.89882,66.46087,-271.49472,201.6056,54.31841,-0.85526,0.18089,-0.4856,-0.87568,0.17865,-0.44864
A,141,0.49983,0.14776,0.22108,-274.9082,199.1012,62.01912,-280.43755,192.1933,64.34759,-269.05741,205.12132,58.38031,-0.87793,0.26786,-0.39684,-0.88905,0.20622,-0.40873
A,142,0.43876,0.09556,0.22835,-271.80627,198.14234,62.95881,-275.73711,190.27746,60.42768,-267.38431,206.09038,63.95359,-0.91773,0.28368,-0.27801,-0.89873,0.23101,-0.37271
C,143,0.36505,0.05259,0.23581,-268.69936,197.14687,63.84229,-270.79797,191.52762,56.93329,-265.97134,203.71116,69.60272,-0.9192,0.29452,-0.26139,-0.90418,0.24959,-0.34666
T,144,0.31515,0.02686,0.24327,-265.81724,195.88655,65.07897,-265.46446,193.58833,56.22978,-265.38763,199.51973,73.46527,-0.8527,0.37288,-0.36588,-0.90927,0.26602,-0.32008
T,145,0.26217,0.038,0.24808,-262.73615,194.87251,66.02924,-261.41413,197.79124,57.45907,-263.68928,193.46883,75.02011,-0.91156,0.30001,-0.28114,-0.91707,0.27412,-0.28956
G,146,0.19204,0.05354,0.25004,-259.6198,193.8036,66.78437,-258.08843,201.05734,61.42222,-261.08093,187.61244,73.36078,-0.922,0.31624,-0.22341,-0.92442,0.27157,-0.26776
A,147,0.14373,0.05826,0.25002,-256.40574,193.02901,67.48739,-256.33758,202.17531,67.25294,-256.77401,184.06793,69.29793,-0.9509,0.22917,-0.20799,-0.92906,0.26631,-0.25677
A,148,0.12442,0.04563,0.24599,-253.33501,192.12203,68.57015,-254.91304,199.92161,73.08577,-252.42162,183.60959,65.34237,-0.9085,0.26834,-0.32035,-0.93066,0.26181,-0.25558
G,149,0.0674,0.02598,0.24249,-250.09278,191.45788,69.25663,-252.91064,195.97713,76.69642,-247.71801,185.61457,62.62861,-0.95924,0.19649,-0.2031,-0.93372,0.25434,-0.25194
T,150,0.0638,0.05227,0.23378,-246.86295,190.72814,69.93495,-250.87904,190.2139,78.13989,-243.18134,189.66572,61.62643,-0.95557,0.2159,-0.20069,-0.9374,0.24952,-0.24295
G,151,0.129,0.05082,0.21644,-243.65794,190.08813,70.79674,-248.44876,184.82869,76.55007,-238.86801,194.04937,64.08261,-0.94823,0.18935,-0.25497,-0.93761,0.24868,-0.243
C,152,0.17716,0.03979,0.20093,-240.46529,189.21377,71.48,-244.94986,181.25296,71.95814,-235.75394,196.78978,69.44979,-0.94457,0.25869,-0.20215,-0.93472,0.25445,-0.24811
G,153,0.2143,0.04404,0.19112,-237.34981,188.43934,72.53757,-240.15707,180.71997,68.50705,-233.95445,196.53615,75.11202,-0.92174,0.22912,-0.31289,-0.93228,0.26484,-0.24639
A,154,0.25894,0.04206,0.18417,-234.22619,187.44921,73.36647,-235.6117,183.40613,65.27645,-232.22508,192.70414,80.5842,-0.92415,0.29294,-0.24524,-0.927,0.28054,-0.24894
C,155,0.29363,0.05675,0.18497,-231.0819,186.47463,74.13329,-230.83564,187.31705,65.02592,-230.85278,187.1757,83.25307,-0.93026,0.28834,-0.22687,-0.91421,0.30768,-0.26372
A,156,0.3336,0.02774,0.18811,-228.0112,185.4227,75.07597,-226.23747,190.93634,67.99302,-229.60441,181.23992,83.05598,-0.90849,0.31122,-0.2789,-0.89804,0.34108,-0.27782
T,157,0.35774,0.07921,0.18768,-224.9608,184.24551,75.93253,-223.14728,192.66009,72.83083,-226.90362,176.54555,80.47681,-0.90248,0.34828,-0.25342,-0.88166,0.37116,-0.29139
A,158,0.39754,0.11001,0.18605,-221.90653,183.04497,76.74156,-221.33544,191.88829,79.01844,-222.96546,173.98807,75.98943,-0.90363,0.35519,-0.23936,-0.86805,0.39475,-0.30111
A,159,0.39116,0.1086,0.18538,-219.04931,181.62889,77.86201,-220.78189,188.06075,84.13448,-218.17559,174.22754,72.55437,-0.84533,0.41896,-0.33149,-0.85654,0.41425,-0.30781
A,160,0.36604,0.09382,0.18698,-216.42772,179.86624,79.06397,-221.03689,182.15769,86.62831,-212.72696,176.23962,71.52297,-0.77562,0.52149,-0.35561,-0.84408,0.43052,-0.31966
C,161,0.33858,0.02152,0.18834,-213.84833,178.06877,80.30504,-220.72958,176.02171,85.97712,-207.46288,178.82653,73.7961,-0.76313,0.5318,-0.36718,-0.82799,0.45105,-0.33314
C,162,0.32822,0.03068,0.18684,-211.18868,176.35908,81.49988,-218.22749,170.81384,83.34922,-204.05363,181.08407,78.26261,-0.78688,0.50583,-0.3535,-0.8088,0.47505,-0.34664
A,163,0.33747,0.03958,0.18473,-208.42731,174.82787,82.70596,-213.57611,167.84505,79.79998,-202.64775,181.7774,84.1255,-0.81697,0.45302,-0.35683,-0.78755,0.49479,-0.36734
C,164,0.34541,0.04263,0.18813,-205.66327,173.25906,83.85632,-208.20094,168.0676,76.76242,-202.22602,179.24068,89.86632,-0.81776,0.46414,-0.34035,-0.76844,0.50911,-0.38769
C,165,0.33641,0.0703,0.19307,-202.92522,171.73515,85.12327,-202.23033,170.13051,76.14236,-202.74149,174.65837,93.79135,-0.81008,0.45086,-0.37484,-0.75482,0.51502,-0.4062
T,166,0.30481,0.09604,0.19611,-200.48906,169.83089,86.4883,-197.1466,171.87134,78.21914,-203.05973,169.1243,95.24083,-0.72076,0.56339,-0.40385,-0.74341,0.51366,-0.42838
A,167,0.26649,0.07261,0.19845,-198.07856,167.88302,87.83727,-193.32489,174.02856,83.00514,-202.66984,162.78332,93.88936,-0.71316,0.57629,-0.3991,-0.73004,0.51731,-0.44659
A,168,0.21774,0.08442,0.20291,-195.77978,166.104,89.56211,-192.14124,174.4946,89.29101,-200.08249,158.20174,91.22205,-0.68011,0.52634,-0.51031,-0.71212,0.52785,-0.46289
T,169,0.18359,0.08447,0.20343,-193.42031,164.28046,91.15333,-192.55988,172.56105,94.94885,-195.31611,155.7123,88.56353,-0.69807,0.53951,-0.47077,-0.69189,0.54262,-0.4763
T,170,0.14973,0.04007,0.19611,-191.26439,162.55871,93.10576,-194.84771,168.69319,98.87139,-188.88799,155.47007,87.83144,-0.63785,0.50939,-0.57764,-0.67377,0.56324,-0.47832
A,171,0.13863,0.04147,0.18841,-189.06906,160.86854,95.04181,-195.99548,162.58955,100.76696,-182.929,157.77125,89.00683,-0.6495,0.50005,-0.57279,-0.66271,0.5813,-0.47212
A,172,0.11941,0.08442,0.18391,-186.96706,158.83719,96.73876,-195.21607,156.3011,99.77794,-178.9322,160.22228,92.58702,-0.62189,0.60099,-0.50206,-0.65843,0.58893,-0.46865
T,173,0.14022,0.13045,0.17948,-184.8469,156.91721,98.53958,-192.22025,151.57779,97.62375,-176.96579,161.54404,98.09788,-0.62727,0.56804,-0.53279,-0.65741,0.59017,-0.46852
T,174,0.1611,0.08266,0.17175,-182.75798,154.71291,100.02345,-187.68268,149.44475,94.39243,-176.81263,160.11017,104.40945,-0.61802,0.65216,-0.43902,-0.65841,0.59285,-0.46371
T,175,0.15185,0.06398,0.16362,-180.53254,152.41449,101.11391,-182.05885,149.88681,92.4539,-177.79854,155.81782,109.15487,-0.65842,0.68,-0.32262,-0.66464,0.59767,-0.44838
A,176,0.14198,0.0638,0.15422,-178.34706,150.08758,102.22457,-175.81797,151.32927,93.51961,-179.80435,150.00884,111.257,-0.64659,0.68844,-0.3286,-0.67503,0.60116,-0.42771
A,177,0.1615,0.05216,0.1417,-175.99648,148.07072,103.57789,-171.22625,153.12041,97.62305,-180.38813,144.17596,110.59634,-0.69544,0.5967,-0.40039,-0.68691,0.59937,-0.41098
A,178,0.20465,0.06988,0.12949,-173.70326,146.27444,105.29221,-169.37336,154.17018,103.67244,-178.50638,139.08507,108.28513,-0.67847,0.53145,-0.5072,-0.69561,0.5999,-0.39528
G,179,0.21512,0.04105,0.11957,-171.27808,144.29433,106.56583,-168.68191,152.68125,109.14147,-174.64996,135.86817,105.40623,-0.71751,0.58583,-0.37681,-0.69849,0.60736,-0.37845
G,180,0.23068,0.06697,0.11209,-168.76709,142.40336,107.80823,-169.57386,149.10685,113.98293,-169.01661,134.90929,102.56504,-0.7429,0.55946,-0.36757,-0.69767,0.61395,-0.36921
G,181,0.25555,0.0306,0.10568,-166.19647,140.61939,109.08639,-170.52261,143.67257,116.5481,-162.83478,136.27858,101.76718,-0.76054,0.5278,-0.37816,-0.69354,0.61955,-0.36763
T,182,0.29303,0.09382,0.09643,-163.64752,138.78134,110.33094,-170.36202,137.3976,116.39026,-157.52042,138.85259,103.53623,-0.75413,0.5438,-0.36821,-0.68542,0.63219,-0.3613
T,183,0.29926,0.10857,0.09088,-161.36103,136.60799,111.54455,-169.31791,132.42909,113.25903,-153.4399,139.97115,108.43659,-0.67648,0.64301,-0.35906,-0.67452,0.65454,-0.34146
T,184,0.28904,0.11104,0.09347,-159.24012,134.15039,112.48602,-166.32729,129.55004,108.97556,-151.55586,138.6916,114.49699,-0.62749,0.7271,-0.27854,-0.66538,0.67413,-0.32066
A,185,0.29017,0.08019,0.10221,-157.1391,131.69504,113.47666,-160.79872,128.32815,105.79644,-152.33308,135.64997,120.18301,-0.6216,0.72644,-0.29309,-0.65879,0.6899,-0.30005
T,186,0.29501,0.03782,0.11359,-155.14908,129.18639,114.55874,-154.81467,128.32764,105.4557,-154.18861,130.99249,123.4767,-0.58876,0.7422,-0.32014,-0.65062,0.7089,-0.27231
G,187,0.27357,0.02528,0.12238,-153.21952,126.56786,115.47771,-149.2587,129.46071,107.75387,-156.15757,124.68643,123.936,-0.57088,0.77471,-0.27189,-0.64082,0.72781,-0.24421
G,188,0.23429,0.10253,0.12713,-151.28066,123.91617,116.27382,-145.36501,129.73593,112.42025,-156.78123,118.81579,121.51255,-0.57363,0.78452,-0.23553,-0.63758,0.73903,-0.21756
A,189,0.2211,0.08354,0.12979,-149.09858,121.4636,117.07868,-144.25433,129.09872,118.47608,-154.35243,113.9745,117.23672,-0.64559,0.72561,-0.23812,-0.64331,0.73986,-0.19686
G,190,0.20818,0.07664,0.12896,-146.80196,119.00481,117.4016,-143.61069,125.56942,122.91849,-150.75529,111.90153,113.20288,-0.67947,0.72745,-0.09554,-0.65223,0.73576,-0.18234
T,191,0.23756,0.06181,0.12635,-144.55405,116.50403,117.74425,-144.764,120.26884,126.08071,-145.50715,111.7711,109.97216,-0.66506,0.73987,-0.10138,-0.66226,0.73007,-0.16854
A,192,0.30605,0.02341,0.11948,-142.26819,114.03539,118.06831,-146.51352,114.0162,126.17333,-139.13777,112.96633,109.53765,-0.67629,0.73037,-0.09588,-0.67883,0.71751,-0.1561
T,193,0.36486,0.04121,0.11195,-139.87883,111.6726,118.43244,-146.69445,108.56556,123.68679,-133.75366,113.90164,112.01152,-0.70691,0.69905,-0.10773,-0.70382,0.69418,-0.15081
A,194,0.41066,0.04158,0.1096,-137.46707,109.33896,118.83488,-145.17237,104.40619,118.93834,-129.77085,113.98815,117.14146,-0.71354,0.69043,-0.11906,-0.72892,0.66655,-0.15617
T,195,0.46042,0.06324,0.10818,-135.05693,107.03464,119.38784,-141.40255,102.33861,114.76238,-128.08326,112.03822,122.55747,-0.71306,0.68175,-0.1636,-0.74923,0.63955,-0.17214
A,196,0.50883,0.11001,0.10724,-132.66774,104.7205,119.98859,-135.70127,102.46366,111.65679,-128.55772,107.88269,127.52668,-0.70686,0.68466,-0.17774,-0.76704,0.61002,-0.1988
A,197,0.52611,0.14059,0.11037,-129.99828,102.72687,120.55767,-129.55166,104.28071,111.55208,-129.49893,102.47591,129.69014,-0.78978,0.58983,-0.16837,-0.78427,0.5752,-0.23251
A,198,0.51343,0.12684,0.11695,-127.16073,101.06422,121.33761,-124.49148,106.71218,114.65254,-129.39908,96.61654,129.0137,-0.83951,0.49191,-0.23075,-0.79879,0.5395,-0.26624
A,199,0.48375,0.1307,0.12458,-124.3332,99.61318,122.48822,-121.57092,108.03236,120.20752,-127.36214,91.8318,126.22857,-0.83655,0.4293,-0.34042,-0.81095,0.50631,-0.29328
T,200,0.44711,0.10552,0.13508,-121.48326,98.10307,123.49908,-120.18117,106.83188,125.91299,-123.40108,89.20528,122.56867,-0.84318,0.44678,-0.29907,-0.8245,0.47154,-0.3128
T,201,0.38253,0.04493,0.14807,-118.73018,96.73268,124.90157,-120.93348,103.41829,130.74645,-117.4638,89.11861,119.98867,-0.81452,0.40544,-0.41494,-0.83781,0.43405,-0.33118
G,202,0.29365,0.03212,0.16331,-115.92836,95.54892,126.37566,-121.16271,97.95183,133.48496,-111.39033,91.6976,119.4267,-0.82894,0.35023,-0.43612,-0.84553,0.40172,-0.3517
T,203,0.21044,0.0524,0.17674,-113.13528,94.30662,127.8178,-119.75365,91.83473,133.6317,-106.79276,95.3483,121.30613,-0.82636,0.36754,-0.42667,-0.84794,0.3798,-0.3698
C,204,0.14799,0.02733,0.1842,-110.23592,93.00618,128.96975,-116.3746,86.53681,131.0139,-103.91274,98.6619,125.5427,-0.8578,0.38475,-0.34081,-0.84886,0.36739,-0.38007
A,205,0.07321,0.02183,0.1882,-107.2611,91.89699,130.1293,-111.41922,84.22066,127.39094,-102.50362,99.61355,131.36846,-0.88012,0.32816,-0.34306,-0.84765,0.36141,-0.38843
T,206,0.01903,0.02978,0.18906,-104.34625,90.78512,131.42998,-106.06842,84.77673,124.74807,-101.80873,97.60414,136.97764,-0.86238,0.32895,-0.38482,-0.84704,0.3597,-0.39133
A,207,0.05668,0.03054,0.18629,-101.45856,89.64674,132.76779,-100.44753,87.89966,123.84367,-101.75638,92.80219,141.35085,-0.85435,0.3368,-0.3958,-0.84643,0.36756,-0.38531
C,208,0.1061,0.03911,0.17942,-98.53668,88.54022,134.05722,-96.09443,91.79186,125.86108,-100.64882,86.77802,142.7835,-0.86446,0.32737,-0.38149,-0.84446,0.38171,-0.37575
C,209,0.12355,0.03581,0.16576,-95.6801,87.34739,135.41425,-92.82234,94.54985,130.54884,-98.67409,81.2006,141.49434,-0.84514,0.35291,-0.40149,-0.84283,0.39216,-0.36858
A,210,0.13795,0.07816,0.14984,-92.91736,85.97279,136.79342,-91.03569,94.92659,136.85059,-95.40391,77.28236,138.21043,-0.81738,0.40668,-0.40804,-0.84109,0.40204,-0.36185
T,211,0.1495,0.07506,0.13386,-90.10003,84.57461,138.03122,-90.50137,92.62578,142.35929,-90.53224,75.96381,134.96825,-0.83353,0.41366,-0.36621,-0.83903,0.41198,-0.35538
C,212,0.13406,0.04487,0.11486,-87.43024,82.89927,139.25182,-90.65973,87.29931,146.59515,-85.1707,77.29698,132.3799,-0.78988,0.49566,-0.36112,-0.83811,0.42082,-0.34711
A,213,0.10153,0.06056,0.09478,-84.68611,81.2154,140.28076,-90.21689,80.82466,147.55896,-79.85151,80.21208,132.57787,-0.81187,0.49819,-0.30442,-0.83814,0.43167,-0.33343
T,214,0.08676,0.04205,0.07874,-81.87871,79.66561,141.34896,-88.51617,75.31987,145.90673,-75.45124,82.86223,135.67589,-0.83059,0.45852,-0.31604,-0.83971,0.43676,-0.3227
C,215,0.06088,0.04185,0.0704,-78.95731,78.15394,142.12659,-84.89624,71.19832,141.87587,-72.77729,84.77248,140.81631,-0.86432,0.44724,-0.23007,-0.8458,0.43163,-0.31355
T,216,0.0694,0.02775,0.07051,-76.13249,76.77696,143.37108,-80.10539,69.78642,139.00497,-71.41059,84.03339,146.33121,-0.83574,0.40739,-0.36819,-0.85378,0.42579,-0.29962
T,217,0.0835,0.05898,0.07189,-73.20852,75.30437,144.21146,-75.187,71.52962,136.11508,-70.4268,80.17778,151.43824,-0.86508,0.43568,-0.24863,-0.8628,0.41608,-0.28714
A,218,0.11519,0.05052,0.07132,-70.31131,73.79584,145.08032,-69.5347,74.72425,136.01118,-70.35827,74.30678,154.21549,-0.85716,0.44631,-0.25706,-0.86936,0.40072,-0.2892
A,219,0.12244,0.04087,0.07219,-67.31129,72.65512,146.14005,-65.10332,78.13373,139.15262,-69.33703,68.4995,154.03573,-0.88758,0.33749,-0.31353,-0.87162,0.38643,-0.30159
C,220,0.15258,0.05259,0.06821,-64.28743,71.57725,147.19782,-62.59535,80.13331,144.43281,-66.24533,63.693,151.40729,-0.89463,0.31889,-0.31295,-0.86879,0.37579,-0.32246
T,221,0.21192,0.0458,0.0615,-61.22214,70.29051,147.80829,-60.12092,79.20469,149.55167,-62.68471,61.26027,147.63475,-0.90689,0.38069,-0.18061,-0.86492,0.37179,-0.33718
T,222,0.25245,0.0644,0.05787,-58.1994,69.16053,148.81359,-59.87814,76.04298,154.60394,-57.23667,61.3548,144.1383,-0.8943,0.33432,-0.29743,-0.86005,0.36953,-0.3518
T,223,0.26032,0.14541,0.05895,-55.35868,67.96253,150.19905,-60.16821,70.80587,157.44462,-51.27342,63.69864,143.21017,-0.84045,0.35444,-0.4099,-0.85126,0.36751,-0.37456
G,224,0.27076,0.05354,0.06268,-52.53656,66.90767,151.73114,-59.08944,64.79142,157.75574,-46.22906,67.53424,145.13285,-0.83495,0.31209,-0.45328,-0.84081,0.37468,-0.39071
A,225,0.24457,0.05826,0.06943,-49.89415,65.64925,153.42183,-56.58572,59.69565,155.29053,-42.8738,70.62437,150.31099,-0.78178,0.37231,-0.50021,-0.82605,0.3881,-0.40868
A,226,0.26056,0.0608,0.07737,-47.08384,64.30208,154.73016,-51.81759,56.97218,151.97723,-41.6892,71.58037,156.01034,-0.83145,0.39857,-0.38708,-0.80773,0.40073,-0.43242
G,227,0.23121,0.05149,0.08741,-44.51242,62.96895,156.47226,-46.38918,56.51295,150.26643,-41.59796,69.98306,161.5735,-0.76078,0.39442,-0.51542,-0.78824,0.4165,-0.453
A,228,0.21281,0.07631,0.09937,-41.875,61.46561,157.95832,-40.90119,59.15294,149.15959,-41.91614,65.04175,166.37996,-0.7803,0.44477,-0.43966,-0.77294,0.43414,-0.4627
T,229,0.18391,0.06222,0.10616,-39.32883,59.84387,159.47865,-35.92017,61.78048,151.21155,-42.09695,59.32366,168.18391,-0.7533,0.4798,-0.4498,-0.76072,0.453,-0.46486
C,230,0.12706,0.044,0.10969,-36.87296,58.36129,161.26612,-32.36372,64.58046,156.29589,-41.48345,53.3117,167.34555,-0.72659,0.43863,-0.52884,-0.75423,0.46461,-0.46398
G,231,0.0663,0.02116,0.11825,-34.40913,56.60327,162.77056,-30.81655,64.98323,162.00631,-38.51935,48.73243,164.97748,-0.72894,0.52012,-0.4451,-0.75012,0.46524,-0.46997
T,232,0.04474,0.04601,0.12765,-31.98779,54.82955,164.32472,-31.14962,63.16355,168.00662,-33.82825,46.20797,161.87616,-0.71637,0.52477,-0.45981,-0.74654,0.46668,-0.47422
A,233,0.08098,0.05861,0.13273,-29.53379,53.06551,165.83814,-32.482,58.63829,172.46888,-27.68436,46.4591,159.78427,-0.72603,0.52191,-0.44776,-0.74691,0.46592,-0.47439
C,234,0.14235,0.06622,0.13862,-27.12054,51.29113,167.40408,-33.28129,52.71122,174.01793,-21.78213,48.50874,160.51392,-0.71398,0.52497,-0.46329,-0.74636,0.45994,-0.48104
T,235,0.15551,0.04193,0.1422,-24.47329,49.95026,169.02228,-31.60011,47.20125,174.05873,-17.55988,51.31255,163.18589,-0.78321,0.3967,-0.47876,-0.75109,0.45157,-0.48161
G,236,0.17573,0.06466,0.14725,-21.92955,48.63346,170.81666,-28.57274,42.41165,171.75027,-14.83917,53.97626,168.60406,-0.75259,0.38959,-0.53088,-0.76077,0.43777,-0.47916
C,237,0.1997,0.02529,0.15417,-19.31392,47.16133,172.37093,-23.34536,40.1895,168.02864,-14.40213,54.2757,175.3667,-0.77385,0.43554,-0.45984,-0.76755,0.41898,-0.48511
A,238,0.19636,0.04725,0.15452,-16.69555,45.84736,174.05676,-17.00953,40.79423,166.43562,-15.37047,51.84168,180.84106,-0.77467,0.38875,-0.49877,-0.77241,0.39883,-0.49428
T,239,0.18497,0.04216,0.15041,-14.17586,44.4454,175.8203,-11.57172,43.21602,167.13574,-15.9457,47.05437,184.40956,-0.74547,0.41478,-0.52176,-0.7791,0.37575,-0.50181
T,240,0.15514,0.04007,0.14224,-11.39946,43.32179,177.38666,-8.0752,47.23795,169.81516,-14.51428,40.85942,185.62978,-0.82142,0.33243,-0.46342,-0.78168,0.35986,-0.50939
A,241,0.13086,0.04147,0.13149,-8.63028,42.15054,178.93074,-5.77442,50.01002,175.21765,-11.8271,35.19299,183.93948,-0.81928,0.34653,-0.45683,-0.78185,0.34793,-0.51735
A,242,0.1086,0.0435,0.11817,-6.06442,41.05977,180.84151,-5.51884,50.15946,181.62411,-7.54932,32.04697,181.36985,-0.75913,0.32271,-0.56531,-0.78256,0.33287,-0.52611
T,243,0.12304,0.05022,0.10523,-3.41204,39.96187,182.62585,-5.86602,47.59642,187.03108,-1.95742,31.58374,179.24863,-0.78473,0.32482,-0.52791,-0.77947,0.32573,-0.5351
G,244,0.19065,0.05347,0.09029,-0.71289,39.0604,184.44968,-6.3152,42.71512,190.69241,4.16812,34.01099,178.58507,-0.79856,0.26671,-0.53959,-0.77746,0.32459,-0.53871
C,245,0.2194,0.01585,0.08195,1.84442,37.90798,186.33554,-5.51564,36.01204,191.42959,8.98685,38.32406,180.63229,-0.7566,0.34095,-0.55795,-0.77054,0.33491,-0.54232
T,246,0.28616,0.05364,0.07991,4.45213,37.22406,188.3743,-2.01937,31.43648,191.26189,11.36838,41.80283,184.51233,-0.77151,0.20234,-0.60318,-0.75558,0.35369,-0.55136
T,247,0.33805,0.038,0.07772,7.03602,36.14051,190.26475,2.36942,28.4652,188.52495,12.5277,43.44771,190.66583,-0.76447,0.32058,-0.55931,-0.74066,0.37199,-0.55951
G,248,0.36724,0.14886,0.08132,9.49511,34.91239,192.23173,8.04008,28.14341,186.25024,12.05452,42.19048,197.1504,-0.72754,0.36335,-0.58195,-0.72357,0.39394,-0.5668
A,249,0.38588,0.09292,0.09356,12.03699,33.50197,193.95624,13.57898,30.76037,185.36436,11.44575,37.4927,202.16837,-0.75204,0.41729,-0.51021,-0.69815,0.42424,-0.57672
G,250,0.3715,0.08309,0.10618,14.26616,31.71637,195.76368,18.43671,32.67404,187.67642,10.86545,32.12181,204.2481,-0.65952,0.52828,-0.53475,-0.67361,0.45173,-0.58497
T,251,0.35736,0.10234,0.11701,16.49619,29.97976,197.6172,21.81783,35.2087,192.32071,11.25814,25.97678,203.96177,-0.65977,0.51379,-0.54838,-0.651,0.4778,-0.58984
C,252,0.33201,0.09825,0.1357,18.52156,28.26276,199.70866,22.68923,36.3745,198.97055,13.60443,20.81231,201.71543,-0.59922,0.50799,-0.61877,-0.62503,0.50881,-0.59198
A,253,0.30432,0.04063,0.15655,20.46767,26.37185,201.72398,21.4179,34.77926,205.20635,18.29611,17.82376,199.28901,-0.57577,0.55944,-0.59625,-0.60711,0.5368,-0.58589
A,254,0.26133,0.04347,0.17564,22.0507,24.30722,203.88169,18.59683,30.77896,209.34995,24.11506,17.06058,198.69139,-0.46835,0.61084,-0.63838,-0.59873,0.55832,-0.57428
G,255,0.26687,0.03166,0.19366,24.03797,22.51281,205.94452,17.49915,25.62067,211.53912,29.61089,18.12369,200.16589,-0.58795,0.53089,-0.61031,-0.59342,0.57334,-0.56492
A,256,0.2651,0.09524,0.2113,25.77407,20.68104,208.19285,17.08618,19.48875,210.80311,34.22459,20.54997,204.6877,-0.51364,0.54194,-0.66518,-0.59067,0.5874,-0.55324
A,257,0.27243,0.10375,0.22881,27.59968,18.58611,210.11712,19.78192,13.99552,208.88275,35.91735,22.39702,210.02837,-0.54012,0.6198,-0.56931,-0.59364,0.59789,-0.53863
A,258,0.26938,0.10781,0.24073,29.67662,16.4402,211.70008,24.7801,10.95813,206.25164,35.60161,22.00092,215.90572,-0.61448,0.63489,-0.46833,-0.60193,0.60578,-0.5203
A,259,0.27791,0.09289,0.24804,32.06815,14.47549,213.05836,30.9978,10.95854,204.67982,34.2794,18.90732,220.75146,-0.70755,0.58127,-0.40186,-0.61916,0.61063,-0.49373
G,260,0.2957,0.03166,0.2511,34.08486,12.24186,214.59724,36.56021,11.57324,205.81429,32.77327,14.02635,223.47473,-0.59666,0.66084,-0.45529,-0.63328,0.61642,-0.46795
A,261,0.28503,0.03402,0.25498,36.30296,10.04808,215.89792,41.06342,14.10769,209.22169,32.14335,7.15457,223.5163,-0.65624,0.64905,-0.38482,-0.64661,0.62136,-0.4425
A,262,0.30167,0.06715,0.25761,38.52163,8.10242,217.54605,43.55724,15.30737,215.00719,33.2208,1.74025,221.43687,-0.65641,0.57564,-0.48761,-0.66278,0.62093,-0.41853
G,263,0.27954,0.00865,0.25755,40.81058,5.93114,218.75876,44.56177,14.09363,220.49564,36.41407,-2.08858,218.49552,-0.6772,0.64239,-0.35879,-0.66785,0.62616,-0.40237
G,264,0.26155,0.05882,0.25941,43.19176,3.83598,219.92694,43.7067,10.96295,225.64145,41.62526,-3.8897,215.28212,-0.70449,0.61987,-0.34562,-0.6624,0.64181,-0.3864
C,265,0.26339,0.01602,0.26358,45.37208,1.63959,221.28579,41.31457,5.34024,228.60401,48.25795,-3.16912,214.0565,-0.64507,0.64982,-0.40203,-0.66047,0.65553,-0.36615
T,266,0.27635,0.06337,0.26913,47.89142,-0.20025,222.58668,41.55728,-0.38598,229.18658,53.51136,-1.36429,215.46097,-0.74537,0.54433,-0.38488,-0.66264,0.66207,-0.35011
T,267,0.28756,0.09978,0.27833,50.1276,-2.35836,223.91577,42.08254,-5.75641,226.64427,57.98982,0.06512,219.91242,-0.66159,0.63849,-0.39322,-0.65605,0.67771,-0.33213
T,268,0.29202,0.10472,0.28479,52.16283,-4.81991,225.02166,44.58601,-9.32765,222.5749,60.22366,-0.59268,225.95333,-0.60214,0.72827,-0.32719,-0.64511,0.6959,-0.31552
T,269,0.27508,0.05684,0.2878,54.15669,-7.45326,225.7389,49.047,-10.5408,218.80546,60.296,-3.90047,231.51827,-0.5899,0.7791,-0.2122,-0.63231,0.71071,-0.30834
C,270,0.28085,0.06147,0.29185,56.37744,-9.87855,226.52033,55.7113,-10.52255,217.4178,58.26101,-8.21783,235.31855,-0.65703,0.71754,-0.23119,-0.61928,0.72756,-0.2952
A,271,0.30231,0.03451,0.29208,58.52114,-12.30419,227.49254,61.90132,-9.65687,219.4129,56.12742,-13.83198,236.19026,-0.63423,0.71765,-0.28763,-0.60843,0.74449,-0.27485
G,272,0.28202,0.0558,0.28937,60.34864,-15.04485,228.2498,66.12173,-10.01363,223.24254,55.21831,-19.29892,234.51854,-0.54068,0.81085,-0.22404,-0.59927,0.75846,-0.25617
C,273,0.30652,0.065,0.28491,62.28642,-17.63333,229.23428,67.95562,-10.47141,229.76491,56.28002,-24.46059,230.24727,-0.57331,0.76582,-0.29127,-0.59467,0.76777,-0.23853
C,274,0.34791,0.06104,0.27481,64.15347,-20.29925,230.14607,67.52384,-13.5369,235.30608,59.79335,-27.32787,226.23424,-0.55238,0.78873,-0.26976,-0.59574,0.77288,-0.21852
A,275,0.37256,0.0225,0.26527,65.97152,-23.05295,230.87835,65.53328,-18.65833,238.89145,65.07059,-28.19841,223.36655,-0.53789,0.8147,-0.21665,-0.60066,0.77566,-0.19379
G,276,0.40896,0.06158,0.25395,68.18215,-25.54139,231.46588,64.34486,-24.19009,239.66123,70.84717,-27.98364,223.06067,-0.65403,0.73622,-0.17383,-0.60541,0.7792,-0.16227
A,277,0.4636,0.09524,0.24042,70.21025,-28.1151,232.29486,62.71477,-29.67647,237.30428,76.98365,-27.47987,226.17669,-0.60003,0.76145,-0.24526,-0.61856,0.77498,-0.12959
A,278,0.49507,0.10375,0.23511,72.17654,-30.83032,232.72581,63.72291,-34.3199,232.99702,80.55215,-27.64857,230.87106,-0.58174,0.80332,-0.1275,-0.64326,0.75962,-0.09584
A,279,0.52321,0.12684,0.23457,74.26188,-33.49023,232.75051,67.06481,-36.53375,227.99092,82.04196,-30.00301,236.07076,-0.61696,0.78696,-0.00731,-0.67222,0.73799,-0.05908
A,280,0.53191,0.1307,0.22809,76.60043,-35.91974,232.52013,72.38159,-36.31793,224.41104,81.8209,-34.48793,239.89652,-0.69188,0.71879,0.06816,-0.70203,0.71159,-0.02801
T,281,0.52979,0.13045,0.22293,78.84149,-38.44486,232.35955,78.28731,-35.60062,223.68097,80.60404,-40.22441,241.15961,-0.66304,0.74708,0.04751,-0.72944,0.68405,-0.00211
T,282,0.50686,0.10445,0.22091,81.35519,-40.68189,232.04105,83.58839,-34.17145,226.01266,80.01508,-46.33665,239.10803,-0.7437,0.66184,0.09423,-0.75752,0.65228,0.02639
T,283,0.46263,0.10817,0.21702,84.13097,-42.5986,231.82737,87.35995,-34.12137,230.63367,81.20205,-50.81582,234.58659,-0.82124,0.56707,0.06322,-0.78528,0.61731,0.04758
G,284,0.40098,0.11067,0.21544,86.98272,-44.37928,231.47932,89.80585,-36.71637,235.60537,83.98484,-52.6152,228.85314,-0.84371,0.52683,0.10297,-0.8096,0.58382,0.06083
C,285,0.35391,0.07193,0.21146,89.79174,-46.2577,231.40617,90.21777,-42.19675,239.59407,88.59553,-51.50097,224.00403,-0.83107,0.55575,0.02164,-0.82884,0.5549,0.07143
T,286,0.2914,0.04558,0.20469,92.80097,-47.76146,231.07813,91.42973,-47.8037,240.12425,93.45285,-49.16496,222.06038,-0.89031,0.4449,0.09705,-0.84266,0.53317,0.07521
G,287,0.20231,0.0576,0.20144,95.86391,-49.18312,230.93093,91.90018,-53.50489,237.95415,99.22626,-46.06446,223.01366,-0.9062,0.42061,0.04355,-0.85375,0.515,0.07672
A,288,0.1349,0.02882,0.19958,98.80018,-50.85723,230.92196,92.72527,-57.32467,233.15403,104.60231,-44.86009,227.16907,-0.86872,0.4953,0.00265,-0.86037,0.50307,0.08181
A,289,0.08857,0.07842,0.19154,101.73635,-52.4748,230.48981,95.5623,-58.54569,227.53347,107.95394,-45.91391,231.90783,-0.86869,0.47857,0.12785,-0.86155,0.49985,0.08878
C,290,0.08312,0.05259,0.18131,104.65295,-54.10997,229.99577,99.46537,-56.9547,223.01644,110.31925,-50.10447,235.95928,-0.8629,0.48378,0.14617,-0.86323,0.49597,0.09407
T,291,0.13058,0.01373,0.17029,107.39911,-56.07361,229.8311,104.70794,-55.52505,221.10349,110.99396,-55.32929,238.21188,-0.81247,0.58096,0.04872,-0.8645,0.49366,0.09459
T,292,0.18159,0.02292,0.15613,110.30623,-57.74354,229.40166,109.78932,-52.50831,221.91569,111.63176,-61.73549,237.52704,-0.86009,0.49406,0.12705,-0.85896,0.50304,0.09559
A,293,0.21814,0.04896,0.13952,113.1864,-59.45413,228.95126,115.08696,-51.22043,225.44291,111.86477,-67.07592,233.83759,-0.85212,0.50609,0.13326,-0.84829,0.51867,0.10666
T,294,0.24991,0.02611,0.12247,116.00865,-61.22106,228.37049,119.10848,-52.70551,229.63183,113.13338,-69.90085,228.70009,-0.83498,0.52276,0.17182,-0.83548,0.53533,0.12407
T,295,0.31004,0.04007,0.1116,118.96196,-62.85304,228.17299,120.66481,-56.19455,234.2128,116.86074,-70.38927,223.42909,-0.87376,0.48284,0.05843,-0.82206,0.55361,0.13317
A,296,0.36389,0.0638,0.10391,121.928,-64.45597,227.93291,121.546,-62.09975,236.76563,121.60775,-68.18398,219.58343,-0.87753,0.47424,0.07103,-0.80983,0.56901,0.14284
A,297,0.37195,0.14059,0.09554,124.66611,-66.41431,227.62952,121.55743,-68.46556,235.98673,126.84408,-65.58832,218.78143,-0.81009,0.57939,0.08976,-0.79555,0.58487,0.15821
A,298,0.35678,0.10781,0.09421,127.18261,-68.59064,227.03349,121.31637,-73.51437,232.03935,132.23932,-64.25585,220.76023,-0.74453,0.64388,0.17634,-0.77809,0.60536,0.16766
A,299,0.31119,0.09289,0.10063,129.57074,-70.762,226.0303,121.99804,-75.89618,226.12389,136.75725,-65.34032,224.39506,-0.70655,0.64241,0.2968,-0.75947,0.62689,0.1738
G,300,0.2812,0.04215,0.11214,132.03951,-73.01112,225.50968,124.86361,-76.7793,221.26448,139.52765,-68.56832,228.32106,-0.7304,0.66542,0.15403,-0.7357,0.65252,0.18157
A,301,0.2384,0.05398,0.12386,134.3507,-75.35192,224.73285,129.16798,-74.96661,217.20255,140.42905,-74.61002,231.53121,-0.68378,0.69254,0.22983,-0.7054,0.68229,0.19206
C,302,0.18927,0.05675,0.133,136.67129,-77.66273,223.89655,135.01758,-73.41076,215.96556,139.49001,-80.8114,232.01167,-0.68656,0.68367,0.24743,-0.68067,0.70277,0.20688
A,303,0.15005,0.05977,0.13897,138.93625,-80.08058,223.22692,141.3789,-73.31771,217.56905,137.5291,-86.15973,229.91858,-0.67011,0.71534,0.19811,-0.66785,0.71062,0.22134
T,304,0.10408,0.06927,0.14278,141.10057,-82.56084,222.45984,146.01292,-74.98385,220.9859,136.79646,-90.0693,225.42838,-0.64033,0.73381,0.22695,-0.66658,0.71155,0.2222
C,305,0.07012,0.03499,0.14997,143.13383,-85.20743,221.92523,148.70948,-79.03862,225.7426,137.30688,-91.87539,219.62317,-0.60156,0.78302,0.15817,-0.67114,0.70741,0.22168
C,306,0.08489,0.0301,0.15873,145.09346,-87.88758,221.29194,148.65267,-84.48414,229.00318,140.62385,-92.18964,214.56667,-0.57977,0.79294,0.18736,-0.67699,0.70083,0.22476
T,307,0.10297,0.10159,0.16421,147.29995,-90.26861,220.35042,148.08004,-90.19774,229.46639,145.39931,-91.47588,211.48224,-0.65281,0.70445,0.27856,-0.68507,0.69338,0.22338
A,308,0.11856,0.11059,0.16355,149.54301,-92.61199,219.40086,146.18998,-95.98805,227.21584,151.71434,-90.08125,210.88058,-0.66363,0.69331,0.28093,-0.68997,0.68876,0.22259
G,309,0.12559,0.06686,0.1585,152.12049,-94.68054,218.69226,146.30555,-100.08551,223.24057,157.15892,-89.79132,212.82504,-0.76257,0.612,0.20965,-0.69508,0.68304,0.22431
T,310,0.13187,0.05766,0.15762,154.6898,-96.73575,217.91823,147.40249,-102.24839,217.44881,161.70701,-90.96879,216.81577,-0.76015,0.60805,0.229,-0.70334,0.67159,0.23297
A,311,0.14165,0.04663,0.16261,157.26768,-98.79907,217.19597,150.56083,-101.87789,211.78731,164.36767,-94.78833,221.3455,-0.76269,0.61045,0.21369,-0.71079,0.66047,0.24198
C,312,0.15515,0.02596,0.17206,159.83323,-100.85376,216.40816,155.39095,-99.93238,208.46261,165.13914,-100.50515,223.85398,-0.75904,0.6079,0.23308,-0.71501,0.65344,0.24856
G,313,0.18119,0.0494,0.18248,162.17038,-103.2045,215.74775,161.18836,-98.93367,207.71593,164.31891,-106.39174,224.05075,-0.69146,0.69549,0.19539,-0.71669,0.64807,0.25761
A,314,0.19948,0.06316,0.1917,164.60816,-105.36886,214.85492,166.74452,-97.79134,210.1932,163.43175,-112.3387,220.66455,-0.72124,0.64034,0.26415,-0.71467,0.64502,0.27055
T,315,0.20698,0.07472,0.19608,166.95231,-107.58868,213.85403,171.38691,-99.59222,213.52936,163.0802,-115.67262,215.69013,-0.69353,0.65675,0.29612,-0.70822,0.64347,0.29048
C,316,0.23049,0.04999,0.19482,169.17063,-110.01138,213.05782,174.22026,-104.05154,217.82185,163.8634,-116.67697,209.72348,-0.65631,0.71678,0.23557,-0.70315,0.64022,0.30935
T,317,0.25083,0.03999,0.19025,171.43083,-112.20192,211.82598,175.28337,-109.41287,219.64222,166.93348,-116.16428,204.91308,-0.6687,0.64809,0.36445,-0.70096,0.63565,0.32343
A,318,0.25318,0.11162,0.18776,173.71195,-114.35362,210.56459,174.23211,-115.82037,219.58083,172.08845,-114.06622,201.5648,-0.67489,0.6366,0.37319,-0.70023,0.62791,0.33972
T,319,0.24743,0.04338,0.1962,176.09546,-116.39115,209.30294,173.15087,-120.94746,216.6707,177.907,-112.66979,201.14302,-0.70518,0.60282,0.37327,-0.69893,0.61838,0.3593
C,320,0.23029,0.044,0.20518,178.38516,-118.33716,207.75545,172.27081,-124.3917,210.8654,183.59858,-112.27673,203.30507,-0.67742,0.57574,0.45784,-0.69216,0.61299,0.381
G,321,0.25603,0.006,0.20887,180.87919,-120.27132,206.54582,173.41723,-125.37339,205.13069,188.06035,-114.60206,206.47505,-0.73788,0.57224,0.35788,-0.6854,0.6061,0.40357
T,322,0.29815,0.012,0.20928,183.39043,-122.15585,205.29418,176.37666,-124.08569,199.74465,190.74391,-119.06362,209.77512,-0.74297,0.55755,0.37031,-0.68025,0.59639,0.42611
G,323,0.31993,0.0992,0.20967,185.76105,-124.18033,203.98803,180.99417,-121.54618,196.63598,191.45228,-125.5283,211.02418,-0.70137,0.59896,0.38644,-0.67405,0.59113,0.44297
A,324,0.34351,0.06233,0.20985,188.09707,-126.0469,202.41216,186.69146,-119.12715,196.59359,190.66565,-132.0276,208.8424,-0.69113,0.55224,0.46623,-0.66812,0.58951,0.45397
G,325,0.33346,0.0998,0.2048,190.05136,-128.16992,200.65207,192.29891,-119.97577,197.25813,189.01559,-136.10796,205.08256,-0.57819,0.62811,0.52074,-0.65781,0.59296,0.46442
C,326,0.32442,0.03665,0.20317,192.21924,-130.23815,199.08774,197.30457,-122.83777,200.8451,187.66354,-138.16621,198.76199,-0.64138,0.6119,0.46282,-0.63738,0.59962,0.48395
T,327,0.30086,0.0309,0.20609,194.18965,-132.1356,197.10239,200.21237,-127.59814,202.28436,188.24178,-137.80164,193.07333,-0.58296,0.56137,0.58738,-0.60826,0.60195,0.51738
T,328,0.30616,0.05898,0.20828,196.31509,-134.20121,195.47754,200.13206,-133.37913,203.75217,191.7408,-136.3012,187.83683,-0.62883,0.61113,0.48073,-0.57899,0.60339,0.54835
A,329,0.31259,0.0638,0.20667,198.46516,-136.22456,193.83205,198.60645,-139.53546,202.36038,197.13536,-133.98024,185.06226,-0.63612,0.59862,0.48683,-0.54978,0.60817,0.5726
A,330,0.3074,0.14059,0.20391,200.27318,-138.39852,191.98019,196.25111,-143.79174,198.18105,202.99408,-133.31685,184.87471,-0.53492,0.64318,0.54789,-0.53002,0.60738,0.59175
A,331,0.26291,0.10781,0.20504,201.80703,-140.48902,189.81189,194.30017,-145.13227,192.22058,208.39943,-135.27117,186.20234,-0.4538,0.61849,0.64151,-0.52257,0.60146,0.6043
A,332,0.1934,0.09289,0.20775,203.24216,-142.29473,187.34123,194.29635,-143.64998,185.98094,212.00786,-139.69532,187.68758,-0.42459,0.53424,0.73097,-0.51796,0.59895,0.61072
G,333,0.18342,0.03166,0.20828,204.70103,-144.46758,185.20234,196.83094,-142.39866,181.01955,213.17832,-145.29954,188.54269,-0.43162,0.64285,0.63281,-0.51245,0.59557,0.61862
A,334,0.19711,0.09524,0.20699,205.99099,-146.50601,182.8348,201.67761,-140.0953,177.93459,211.59063,-151.949,187.60265,-0.38164,0.60309,0.70045,-0.50599,0.58344,0.63527
A,335,0.2259,0.06358,0.20527,207.66342,-148.39862,180.58861,208.00973,-140.02392,176.91996,208.7152,-156.36873,184.95732,-0.4948,0.55995,0.66455,-0.50391,0.56715,0.65147
A,336,0.25839,0.08226,0.20032,209.63883,-150.32944,178.64077,213.84157,-142.20429,178.45817,206.3892,-158.75858,180.09131,-0.58444,0.57125,0.57628,-0.5096,0.55099,0.66084
T,337,0.30224,0.0704,0.19154,211.52173,-152.22942,176.57457,217.62193,-146.49214,180.26044,205.79987,-158.93547,174.12432,-0.55707,0.56212,0.6113,-0.52349,0.53793,0.66075
A,338,0.34743,0.05551,0.18076,213.39195,-154.09731,174.468,219.00846,-152.70237,181.55485,207.33658,-156.82799,168.17592,-0.55332,0.55263,0.62324,-0.54181,0.51961,0.66064
G,339,0.3645,0.06237,0.17315,215.39019,-155.53497,172.15184,219.11817,-158.21396,180.06636,210.80457,-154.22032,164.34427,-0.5912,0.42534,0.68525,-0.56563,0.49377,0.6605
C,340,0.40886,0.0511,0.16685,217.2244,-157.216,169.86401,216.23657,-163.30648,176.6201,216.86378,-151.78372,162.51045,-0.54266,0.49735,0.67688,-0.59281,0.46858,0.65499
A,341,0.43517,0.03002,0.15836,219.11709,-158.71553,167.49894,214.1272,-165.61304,170.85153,222.9044,-151.65511,163.08067,-0.55997,0.44365,0.69972,-0.61269,0.44215,0.65507
T,342,0.44655,0.07506,0.15148,221.12201,-160.22899,165.23749,213.46717,-165.22983,164.90657,228.0941,-154.36561,164.38588,-0.59317,0.44777,0.66907,-0.62679,0.4141,0.66004
C,343,0.41839,0.11103,0.15039,223.23688,-161.45673,162.90418,215.03469,-162.33818,158.9467,231.47536,-159.13304,166.13566,-0.6257,0.36324,0.69033,-0.64492,0.38213,0.66185
A,344,0.38589,0.07963,0.15822,225.48825,-162.71778,160.72117,219.22413,-158.88208,155.26565,232.48685,-165.11691,166.10432,-0.66608,0.37309,0.64586,-0.66514,0.35518,0.65684
A,345,0.33483,0.05498,0.16729,228.00693,-163.67875,158.68226,224.93786,-156.01926,154.7291,232.08801,-170.35614,163.42269,-0.74517,0.28431,0.60323,-0.68793,0.32577,0.64856
T,346,0.30032,0.08011,0.17284,230.42695,-164.73196,156.57071,230.82043,-155.62277,155.80762,231.13461,-173.6479,158.49939,-0.71598,0.3116,0.62472,-0.71217,0.28954,0.63952
G,347,0.24788,0.02868,0.17948,232.80568,-165.62219,154.34057,236.10385,-157.87367,157.91785,230.33857,-174.09973,151.94072,-0.70377,0.26338,0.65981,-0.7286,0.26002,0.63367
A,348,0.17298,0.09332,0.18839,235.38856,-166.3491,152.28515,239.5137,-162.75199,159.61717,231.46753,-171.35874,145.70916,-0.76417,0.21506,0.60811,-0.7337,0.23987,0.63573
C,349,0.13015,0.07533,0.19321,238.00376,-167.10435,150.28147,241.32174,-168.58457,158.67875,234.2696,-167.18402,141.92897,-0.77373,0.22345,0.59281,-0.73156,0.22522,0.64351
G,350,0.05887,0.03244,0.19738,240.70271,-167.47357,148.28053,242.41933,-173.24012,155.17361,238.28939,-162.98254,140.68309,-0.79851,0.10924,0.59199,-0.72355,0.21746,0.65512
T,351,0.07693,0.09208,0.19944,243.36088,-167.85971,146.22885,242.1531,-176.25103,149.67002,243.58524,-159.96636,141.60727,-0.78644,0.11424,0.60701,-0.716,0.2151,0.66414
T,352,0.10485,0.10857,0.19642,245.78479,-168.53875,143.9732,240.68062,-176.13185,143.89089,249.91787,-160.45171,142.86327,-0.71713,0.2009,0.66735,-0.7131,0.21683,0.66669
T,353,0.09579,0.11104,0.19068,247.89317,-169.27112,141.43494,240.02832,-173.12141,138.78279,255.23191,-164.12667,143.27666,-0.62378,0.21668,0.75097,-0.70991,0.23018,0.66562
A,354,0.08092,0.0337,0.17818,250.01858,-170.04595,138.92363,242.09348,-168.62525,134.57749,258.20537,-169.89485,143.00629,-0.62882,0.22924,0.74299,-0.70333,0.24382,0.66774
T,355,0.04653,0.06497,0.16316,252.11696,-170.9692,136.43992,246.4067,-165.15239,132.28394,258.73115,-175.47655,140.87283,-0.62082,0.27315,0.73483,-0.69207,0.26122,0.6729
C,356,0.03031,0.11103,0.14811,254.44389,-171.90011,134.17205,252.90222,-163.12537,132.08838,257.15017,-180.09442,137.21241,-0.68844,0.27542,0.67097,-0.6828,0.2814,0.67424
A,357,0.01871,0.04063,0.13242,256.71281,-173.02615,131.93409,259.24217,-164.33473,133.26678,255.20662,-182.04998,131.806,-0.67128,0.33315,0.66212,-0.67895,0.28893,0.67494
A,358,0.08439,0.04779,0.11461,259.13305,-174.39543,130.01268,263.7355,-168.46293,135.24119,254.85711,-181.39246,125.95406,-0.71605,0.40512,0.56847,-0.68269,0.28719,0.6719
G,359,0.10978,0.05025,0.09948,261.43932,-175.41336,127.76115,266.46588,-173.47724,135.15706,256.34938,-178.84339,120.97572,-0.68233,0.30116,0.66613,-0.69125,0.27617,0.66777
C,360,0.19244,0.09362,0.0818,263.72524,-176.6999,125.62954,266.27854,-180.11275,133.72568,260.29216,-174.63524,117.40362,-0.67631,0.38063,0.63065,-0.69892,0.259,0.66666
T,361,0.22846,0.05977,0.06168,266.2468,-177.55341,123.54683,266.30398,-184.28033,129.74844,265.1851,-171.78719,116.52274,-0.74602,0.25252,0.61618,-0.70345,0.24223,0.66819
C,362,0.24682,0.14346,0.04865,268.59424,-178.29077,121.22946,265.17596,-186.49281,123.41035,270.87908,-170.08128,117.89804,-0.69451,0.21815,0.68561,-0.70359,0.22459,0.67418
A,363,0.25703,0.07963,0.03697,271.03245,-178.8488,118.95611,264.82896,-185.27511,116.97273,276.43754,-171.52224,119.86219,-0.72136,0.1651,0.67259,-0.69886,0.19923,0.68695
A,364,0.22766,0.04571,0.02579,273.35387,-179.03592,116.50654,265.5723,-181.102,112.15994,280.80422,-175.44874,120.42304,-0.68681,0.05536,0.72472,-0.69477,0.1748,0.69766
T,365,0.20572,0.03623,0.01864,275.70435,-179.36726,114.10032,268.35147,-176.53526,109.44957,283.40644,-180.62732,118.87573,-0.69541,0.09803,0.7119,-0.69352,0.14702,0.70527
A,366,0.17838,0.03014,0.01705,278.04305,-179.75022,111.6903,273.3424,-172.42036,108.88113,283.69105,-186.00762,115.24835,-0.69192,0.1133,0.71302,-0.68807,0.12093,0.7155
T,367,0.14689,0.01418,0.0217,280.28942,-180.23461,109.21167,279.18719,-171.15189,109.27414,282.59699,-189.03459,110.18633,-0.6646,0.14331,0.73332,-0.68056,0.10832,0.72465
G,368,0.07945,0.05347,0.0327,282.45465,-180.55655,106.63629,284.98635,-172.6625,110.50785,281.00565,-189.1201,103.7587,-0.6406,0.09525,0.76194,-0.67657,0.09739,0.72991
C,369,0.04753,0.01585,0.047,284.80912,-180.99938,104.25202,289.58043,-177.60312,111.28157,280.40622,-185.83584,97.85377,-0.69659,0.13101,0.70541,-0.67883,0.09537,0.72808
T,370,0.03297,0.01295,0.0617,287.01363,-181.00482,101.68989,292.35615,-182.1228,109.03307,281.62606,-181.5009,94.31138,-0.65222,0.00161,0.75803,-0.67952,0.10069,0.72671
T,371,0.07135,0.03245,0.07887,289.33283,-181.3987,99.26284,292.17121,-187.13378,105.80248,285.68354,-176.93976,92.15544,-0.68615,0.11653,0.71806,-0.6766,0.10638,0.72862
C,372,0.10754,0.06961,0.09541,291.4196,-181.75315,96.62767,290.76626,-190.26366,99.92296,290.82316,-173.66136,92.39901,-0.61739,0.10487,0.77964,-0.67491,0.11274,0.72924
T,373,0.13233,0.01529,0.11347,293.86354,-181.95881,94.30188,290.17821,-190.33263,94.19258,296.47408,-173.25259,93.2524,-0.72306,0.06084,0.6881,-0.68005,0.12041,0.72321
G,374,0.12883,0.04478,0.12971,296.3318,-182.362,92.02822,289.59865,-187.61381,88.74223,302.41231,-175.94976,94.39994,-0.73025,0.11929,0.67268,-0.68878,0.12786,0.71361
A,375,0.13232,0.0668,0.14008,298.57592,-182.83516,89.54539,290.57165,-182.69333,85.11526,306.60214,-181.38708,93.69237,-0.66394,0.13999,0.73456,-0.69504,0.14054,0.7051
T,376,0.13257,0.03425,0.14611,300.81565,-183.45877,87.092,294.32886,-178.6326,82.80899,307.99354,-186.84966,91.6411,-0.66264,0.1845,0.72586,-0.69999,0.15563,0.69699
A,377,0.12472,0.06242,0.15036,303.03238,-184.12949,84.63017,300.11971,-175.70464,82.56793,307.10121,-191.79559,87.52673,-0.65584,0.19844,0.72835,-0.70955,0.15922,0.68643
A,378,0.13884,0.0348,0.15017,305.55013,-184.77767,82.47026,306.37315,-175.79251,83.98814,305.75003,-193.92083,82.19218,-0.74489,0.19177,0.63903,-0.71709,0.16447,0.67729
C,379,0.1843,0.04383,0.14871,308.10966,-185.3906,80.34952,311.44121,-178.8318,85.78986,305.4235,-192.96889,75.98275,-0.75726,0.18134,0.62744,-0.71295,0.17833,0.67816
A,380,0.23205,0.04941,0.14611,310.53236,-186.08075,78.09594,315.24803,-184.17469,85.70145,305.86773,-189.51414,71.01303,-0.71678,0.20419,0.66674,-0.70334,0.19141,0.6846
C,381,0.2842,0.0184,0.14133,312.98502,-186.81051,75.88771,316.31297,-189.95824,83.80801,309.05662,-185.15186,67.79259,-0.72564,0.21591,0.65332,-0.69098,0.20334,0.69368
T,382,0.37076,0.0458,0.13841,315.58467,-187.07151,73.74339,317.07946,-193.88558,79.66358,313.27782,-181.36519,66.97354,-0.76913,0.07722,0.63442,-0.67826,0.21046,0.70404
T,383,0.40635,0.09978,0.14132,318.04592,-187.72899,71.52205,315.50427,-196.05601,74.33546,319.48402,-179.61371,67.54856,-0.72818,0.19452,0.6572,-0.65742,0.21775,0.72137
T,384,0.41774,0.16423,0.1514,320.2164,-188.61471,69.08711,313.84271,-195.16617,68.6761,325.67479,-181.30333,68.40579,-0.64215,0.26205,0.7204,-0.62493,0.23061,0.74584
T,385,0.41144,0.10817,0.16169,322.05566,-189.4726,66.38423,313.52965,-191.64356,63.87256,330.26189,-185.86847,68.22341,-0.54416,0.25381,0.79967,-0.58757,0.23949,0.77292
G,386,0.40218,0.11067,0.16873,323.76115,-190.48287,63.64652,315.88705,-187.3847,60.16595,332.16394,-192.072,66.89958,-0.50458,0.2989,0.80997,-0.54967,0.24242,0.79944
C,387,0.4029,0.06738,0.17256,325.55659,-191.21405,60.87773,321.21962,-183.49633,58.56647,331.07198,-197.94942,63.69373,-0.53119,0.21633,0.81917,-0.51148,0.25118,0.82177
T,388,0.37007,0.10363,0.17947,326.98009,-192.25122,57.99289,326.76774,-183.15244,57.0539,328.65724,-201.10689,59.56728,-0.42116,0.30685,0.8535,-0.47644,0.25656,0.84094
A,389,0.33437,0.06989,0.18776,328.35527,-193.29625,55.08752,332.81809,-185.49787,56.81467,325.09336,-201.79643,54.18121,-0.40686,0.30918,0.85958,-0.45166,0.24819,0.85697
G,390,0.28188,0.03043,0.19033,329.35794,-194.10053,51.96147,336.54677,-189.56681,55.34977,322.90873,-199.94957,49.14881,-0.29665,0.23795,0.92487,-0.43699,0.23728,0.8676
A,391,0.25692,0.06906,0.18704,330.65611,-194.88712,48.94146,337.86008,-195.56139,54.5417,323.23959,-195.7821,43.65858,-0.38407,0.23272,0.89349,-0.42925,0.21906,0.87622
C,392,0.25625,0.07533,0.18211,331.98477,-195.72686,45.94916,336.62704,-200.9753,51.83284,326.32955,-191.73255,39.96765,-0.3931,0.24845,0.8853,-0.42027,0.19608,0.88596
G,393,0.24936,0.04683,0.17491,333.55169,-196.25466,43.00118,334.54601,-204.24562,47.34517,331.20895,-188.9204,38.05804,-0.46359,0.15615,0.87218,-0.41193,0.17706,0.89385
T,394,0.24724,0.09213,0.16297,335.06172,-196.76677,40.02092,331.42456,-204.93972,41.94141,337.30099,-188.30922,37.34323,-0.44676,0.15151,0.88173,-0.40783,0.15855,0.89919
A,395,0.2565,0.06214,0.15002,336.61752,-197.28817,37.06592,329.10434,-202.4677,36.40331,343.22402,-190.95821,37.04817,-0.4603,0.15426,0.87426,-0.40972,0.14088,0.90127
A,396,0.23409,0.039,0.14031,338.0762,-197.40409,34.01908,329.14461,-197.74595,32.06351,346.83229,-195.46328,35.82978,-0.43156,0.0343,0.90143,-0.41191,0.12252,0.90295
C,397,0.19722,0.03742,0.1387,339.49185,-197.47309,30.95059,331.78154,-192.74208,29.57825,347.87017,-200.75973,32.59866,-0.41883,0.02041,0.90784,-0.40906,0.10271,0.90671
G,398,0.18493,0.03494,0.14024,340.73471,-197.89427,27.83574,336.41881,-189.84559,27.28237,346.34368,-205.06027,28.78571,-0.36771,0.12461,0.92155,-0.39775,0.08906,0.91316
T,399,0.173,0.02533,0.14475,342.03936,-198.32056,24.74697,342.53472,-189.26841,25.98302,343.03049,-207.39614,24.14202,-0.38599,0.12612,0.91384,-0.37917,0.07867,0.92198
G,400,0.15167,0.03064,0.15205,343.2663,-198.56337,21.60689,348.10345,-191.68004,25.20358,339.62875,-206.38298,18.55133,-0.363,0.07184,0.92902,-0.35934,0.06602,0.93087
G,401,0.10052,0.0545,0.16399,344.49955,-198.67883,18.46203,351.76072,-196.21623,23.45457,337.75297,-202.65058,13.72669,-0.36487,0.03416,0.93043,-0.34191,0.05825,0.93793
T,402,0.04675,0.04984,0.1841,345.71334,-198.85852,15.31261,352.77982,-201.6213,20.42596,338.26143,-197.66303,10.14014,-0.35911,0.05316,0.93178,-0.33171,0.06225,0.94132
C,403,0.03807,0.05154,0.20266,346.63942,-199.1276,12.07311,350.67448,-206.34171,15.99605,341.37549,-192.92688,7.88304,-0.27399,0.07961,0.95843,-0.32373,0.06595,0.94385
A,404,0.09017,0.03538,0.2115,347.52798,-199.19547,8.8127,346.83182,-208.06127,10.96383,346.67006,-190.45686,6.24069,-0.26289,0.02008,0.96462,-0.31921,0.05921,0.94583
C,405,0.15512,0.0419,0.21666,348.36819,-199.30866,5.54076,342.82824,-206.52472,6.51646,352.55873,-191.28799,4.19069,-0.24859,0.03349,0.96803,-0.32626,0.05369,0.94375
A,406,0.18992,0.02819,0.21788,349.37516,-199.31022,2.31424,340.78797,-202.42874,1.81471,357.29411,-194.73633,2.60451,-0.29792,0.00046,0.95459,-0.34408,0.0586,0.93711
G,407,0.21592,0.06158,0.21634,350.56038,-199.76437,-0.8184,341.61123,-198.40915,-2.1565,359.63369,-199.51996,0.33477,-0.35066,0.13436,0.92682,-0.36673,0.06939,0.92773
A,408,0.26578,0.09524,0.21295,351.49967,-200.05094,-4.05259,344.94357,-193.6756,-4.34775,359.06329,-205.17719,-3.57549,-0.2779,0.08478,0.95686,-0.39463,0.0708,0.91611
A,409,0.28469,0.10375,0.20804,352.80761,-200.15829,-7.16742,350.64221,-191.33012,-6.12387,356.4133,-208.55518,-7.62105,-0.38696,0.03176,0.92155,-0.42268,0.06659,0.90383
A,410,0.29295,0.14776,0.20535,354.49004,-200.3445,-10.09302,356.96431,-192.17988,-6.78673,353.31629,-209.06056,-12.61633,-0.49776,0.05509,0.86556,-0.44745,0.06179,0.89217
A,411,0.31256,0.09556,0.20166,356.40588,-200.83669,-12.83377,361.94837,-196.19166,-7.2285,351.50641,-206.79522,-17.75369,-0.56682,0.14562,0.81087,-0.4658,0.05131,0.8834
C,412,0.36048,0.01909,0.1937,358.37226,-201.3487,-15.53481,364.2757,-201.75839,-8.55655,352.33576,-202.53538,-22.30733,-0.58177,0.15148,0.79912,-0.47285,0.0263,0.88075
T,413,0.38712,0.08913,0.18702,360.34387,-201.36731,-18.28013,365.22379,-206.13362,-12.18233,354.85915,-198.03709,-24.80255,-0.58332,0.00551,0.81223,-0.48026,-0.01487,0.877
C,414,0.41685,0.14346,0.18635,362.05214,-201.40294,-21.19646,363.65154,-209.72514,-17.7472,359.1935,-193.78163,-25.37476,-0.5054,0.01054,0.86282,-0.48613,-0.05502,0.87215
A,415,0.43896,0.1442,0.18737,363.76315,-201.23294,-24.10643,361.08069,-209.9743,-23.77836,365.06327,-192.24656,-25.23298,-0.50622,-0.05029,0.86094,-0.48365,-0.08975,0.87065
A,416,0.45272,0.16376,0.18688,365.15348,-200.82009,-27.15945,358.45203,-206.84982,-28.72388,370.74122,-193.67637,-25.95157,-0.41134,-0.12215,0.90326,-0.46936,-0.12845,0.87362
A,417,0.43352,0.12684,0.18761,366.38174,-200.01238,-30.20303,357.4758,-201.32806,-31.83635,374.86946,-197.15533,-28.32944,-0.36339,-0.23897,0.90047,-0.44757,-0.17385,0.87719
A,418,0.39185,0.07033,0.19082,367.67013,-198.81272,-33.08838,359.23915,-195.26152,-32.93996,376.53238,-201.00444,-32.47899,-0.38118,-0.35493,0.85365,-0.42766,-0.21574,0.87782
T,419,0.36209,0.02126,0.19154,368.91625,-197.74335,-36.04271,363.33893,-190.932,-33.55003,375.63164,-203.71787,-37.75246,-0.36867,-0.31638,0.87406,-0.41324,-0.24652,0.87662
C,420,0.33602,0.01933,0.19575,370.43316,-196.81178,-38.91597,369.81829,-188.96554,-34.24982,372.48946,-204.80338,-42.86824,-0.44879,-0.27561,0.85008,-0.40073,-0.26979,0.87557
G,421,0.28429,0.02572,0.21207,371.58775,-195.85109,-41.9439,375.34405,-189.7496,-36.25386,369.18349,-202.80095,-47.38756,-0.34159,-0.28423,0.89584,-0.38997,-0.29066,0.87375
A,422,0.21864,0.01495,0.23627,372.98601,-194.7605,-44.82138,379.63791,-193.49805,-38.66728,367.00999,-197.47304,-51.19664,-0.41369,-0.32266,0.85133,-0.38374,-0.31006,0.86983
T,423,0.17957,0.00662,0.25779,374.31866,-193.53338,-47.6749,381.60062,-196.84611,-43.23492,366.95594,-191.68846,-52.78382,-0.39428,-0.36306,0.84424,-0.37647,-0.32097,0.86905
T,424,0.1797,0.02124,0.27277,375.79472,-192.70202,-50.59971,380.36944,-200.19292,-48.01654,370.25463,-186.24402,-53.96367,-0.4367,-0.24597,0.86533,-0.37377,-0.32786,0.86764
C,425,0.16455,0.05277,0.28461,376.98727,-191.77832,-53.62444,377.21074,-200.91732,-54.00292,375.2845,-182.79211,-53.87587,-0.35283,-0.27328,0.89489,-0.37187,-0.33866,0.8643
A,426,0.14958,0.07963,0.29513,378.22897,-190.67244,-56.56716,373.75936,-198.29835,-58.9299,381.29964,-182.30147,-54.51473,-0.36737,-0.32718,0.87063,-0.36559,-0.3475,0.86347
A,427,0.13808,0.07019,0.29714,379.19378,-189.24354,-59.47436,371.16511,-193.07916,-61.60577,386.34211,-184.10006,-56.9923,-0.28545,-0.42275,0.86012,-0.35657,-0.34807,0.86701
T,428,0.15622,0.03194,0.28659,380.24117,-187.94028,-62.41185,371.13466,-187.23921,-62.95449,389.28088,-187.15761,-61.23475,-0.30988,-0.38558,0.86908,-0.3415,-0.3457,0.874
C,429,0.18506,0.03499,0.27456,381.53495,-186.52011,-65.1928,374.30846,-181.22847,-63.32439,389.58345,-190.76624,-66.14487,-0.38277,-0.42017,0.82276,-0.32188,-0.35394,0.87814
C,430,0.21759,0.05418,0.26374,382.87365,-185.21426,-68.0083,379.67515,-177.85193,-63.61739,387.44645,-192.27543,-71.60608,-0.39607,-0.38634,0.83299,-0.30791,-0.3686,0.87711
T,431,0.23543,0.0883,0.24557,383.78394,-184.03051,-71.04054,385.0069,-176.82155,-65.54056,384.10546,-191.57451,-76.20767,-0.26932,-0.35022,0.89711,-0.30004,-0.3753,0.877
C,432,0.2725,0.06934,0.22099,384.81117,-183.1324,-74.13289,390.72655,-178.82207,-68.64255,379.97858,-188.64101,-79.61156,-0.30392,-0.26571,0.91489,-0.29082,-0.37319,0.88099
T,433,0.29207,0.02851,0.19905,385.48436,-181.8885,-77.20273,393.5664,-181.39878,-72.94181,377.90528,-183.83587,-81.944,-0.19917,-0.36802,0.90824,-0.2758,-0.37642,0.88444
G,434,0.28539,0.02643,0.18561,386.2968,-180.52097,-80.18505,393.89003,-185.05389,-77.83769,378.28598,-177.36,-83.27526,-0.24037,-0.40459,0.88234,-0.25331,-0.3828,0.88842
G,435,0.2905,0.01072,0.17844,387.22629,-179.13029,-83.12213,391.67066,-187.12791,-83.10879,381.61079,-171.94782,-83.89206,-0.275,-0.41145,0.86896,-0.22529,-0.39238,0.89179
A,436,0.3224,0.06364,0.17532,388.2078,-178.03144,-86.1641,387.23237,-187.04143,-87.42235,387.63948,-168.93394,-85.37234,-0.29039,-0.3251,0.89999,-0.20324,-0.41626,0.88624
A,437,0.34331,0.06358,0.1757,388.80781,-176.74253,-89.23054,383.08744,-183.66869,-90.96841,393.18632,-168.9246,-87.38039,-0.17752,-0.38134,0.90723,-0.18684,-0.45096,0.87277
A,438,0.32174,0.1307,0.17692,389.18515,-175.11307,-92.1677,380.50801,-177.99728,-92.48892,397.24315,-170.89214,-91.18443,-0.11164,-0.48209,0.86898,-0.1709,-0.48519,0.85754
T,439,0.31806,0.13045,0.17841,389.62087,-173.61219,-95.16468,380.79085,-172.06959,-93.3301,398.7042,-173.7436,-96.25572,-0.12891,-0.44405,0.88668,-0.16152,-0.51028,0.8447
T,440,0.29093,0.08266,0.18023,389.92829,-171.75204,-97.96999,383.91477,-167.00067,-92.97232,397.0545,-175.58762,-102.23847,-0.09095,-0.55034,0.82997,-0.15635,-0.53045,0.83317
T,441,0.22908,0.11104,0.1841,390.36078,-169.57448,-100.51863,389.11706,-164.10003,-93.29381,393.17385,-174.93457,-107.37943,-0.12796,-0.64425,0.75404,-0.1502,-0.55439,0.81859
A,442,0.1554,0.04896,0.19082,390.74162,-167.40094,-103.07892,394.88971,-163.15827,-96.11418,388.05418,-172.26081,-110.35036,-0.11268,-0.64306,0.75748,-0.14348,-0.57584,0.80488
T,443,0.1022,0.04626,0.19459,390.98341,-165.17105,-105.60746,398.61285,-163.67972,-100.7823,384.25781,-167.70796,-111.26828,-0.07154,-0.65973,0.74809,-0.14213,-0.58445,0.79888
T,444,0.08496,0.04493,0.19094,391.59285,-163.13426,-108.2351,399.91706,-166.21889,-106.0199,383.21964,-161.32002,-111.44639,-0.18031,-0.6026,0.77741,-0.13932,-0.58763,0.79704
G,445,0.09184,0.06077,0.1859,392.38372,-161.05176,-110.77717,398.41587,-167.86668,-111.71775,385.42882,-155.10699,-110.83651,-0.23399,-0.61612,0.75209,-0.13559,-0.59181,0.79459
T,446,0.11986,0.05711,0.18482,393.11162,-158.97455,-113.34227,394.81735,-167.26059,-116.82746,389.91947,-150.90183,-110.45163,-0.21535,-0.61456,0.75891,-0.13032,-0.58627,0.79957
T,447,0.13764,0.10672,0.1861,393.54371,-157.11111,-116.1289,389.96643,-164.8875,-119.36082,395.58759,-148.83665,-112.80167,-0.12784,-0.55131,0.82445,-0.12344,-0.57283,0.81033
G,448,0.14294,0.05354,0.18493,394.01205,-155.42188,-119.0188,386.32237,-160.12699,-120.58253,400.71285,-149.55101,-116.93392,-0.13856,-0.49977,0.855,-0.11748,-0.56115,0.81933
A,449,0.12584,0.05826,0.18355,394.17019,-153.75519,-121.95505,385.19294,-154.05242,-120.2129,403.11002,-152.0529,-122.90166,-0.04679,-0.4931,0.86871,-0.1068,-0.55369,0.82584
A,450,0.14128,0.02315,0.18149,394.50663,-151.76999,-124.66986,387.42808,-148.04125,-120.23082,402.48359,-154.47083,-128.24591,-0.09954,-0.58734,0.8032,-0.09189,-0.55102,0.82942
G,451,0.14538,0.03974,0.17229,394.55021,-150.11152,-127.61468,391.08441,-143.94857,-121.80771,399.44315,-155.62487,-133.03469,-0.01289,-0.49067,0.87125,-0.07018,-0.5488,0.833
C,452,0.1784,0.01822,0.15781,394.85392,-148.34087,-130.47771,397.28717,-142.31481,-124.03719,393.99422,-154.72657,-136.97373,-0.08986,-0.52386,0.84705,-0.04931,-0.5511,0.83298
G,453,0.19334,0.06092,0.14458,394.77136,-146.4945,-133.30765,401.32892,-142.44777,-128.37441,389.41879,-151.42545,-138.85294,0.02443,-0.54626,0.83726,-0.03819,-0.56069,0.82715
A,454,0.20414,0.06316,0.13409,394.98793,-144.57118,-136.07862,403.69242,-145.27342,-133.34857,386.60514,-145.1808,-139.6941,-0.06407,-0.56903,0.81982,-0.03661,-0.57366,0.81827
T,455,0.21467,0.03991,0.12269,395.17374,-142.52529,-138.76269,403.1201,-147.05197,-139.04368,386.6802,-139.18861,-139.42665,-0.05497,-0.60529,0.7941,-0.03167,-0.58637,0.80943
C,456,0.24091,0.02787,0.10706,395.05037,-140.52354,-141.48338,399.29932,-148.00486,-144.59637,389.45008,-133.7828,-138.854,0.0365,-0.59223,0.80494,-0.02055,-0.60155,0.79857
C,457,0.25935,0.01783,0.09493,394.92827,-138.42043,-144.12657,394.10637,-146.67161,-147.994,394.13624,-130.19274,-140.20327,0.03612,-0.62222,0.78201,-0.00797,-0.6189,0.78543
G,458,0.27065,0.05645,0.08835,395.20108,-136.32596,-146.76535,389.86548,-143.03037,-149.97419,399.14797,-128.9118,-143.13673,-0.08071,-0.61967,0.7807,-0.0033,-0.6364,0.77135
T,459,0.27681,0.03838,0.08396,395.449,-134.18171,-149.36634,386.95126,-137.47266,-150.1864,403.25857,-129.73184,-147.65645,-0.07335,-0.63439,0.76952,-0.01128,-0.65454,0.75594
T,460,0.30409,0.07007,0.07964,395.36204,-131.83468,-151.79703,386.82166,-131.74799,-148.51542,404.18383,-130.77227,-153.97917,0.02573,-0.69439,0.71914,-0.02121,-0.67017,0.74191
G,461,0.31689,0.06077,0.08466,395.07888,-129.53934,-154.26191,389.5134,-126.30584,-147.75927,401.77289,-131.86551,-160.04928,0.08377,-0.67909,0.72926,-0.03604,-0.68649,0.72625
T,462,0.35655,0.08403,0.09844,394.86221,-127.23414,-156.72434,394.08793,-122.22199,-149.109,397.21833,-131.95069,-164.20213,0.0641,-0.68201,0.72853,-0.05867,-0.70249,0.70927
T,463,0.36186,0.10857,0.11163,394.98533,-124.74382,-159.00633,399.31313,-121.16278,-151.78409,392.12689,-128.81579,-166.68506,-0.03642,-0.73678,0.67515,-0.07985,-0.71535,0.69419
T,464,0.34129,0.11104,0.12395,395.53303,-122.27553,-161.24954,403.16804,-122.23597,-156.20776,388.69838,-123.35168,-167.23652,-0.16204,-0.73026,0.66367,-0.0964,-0.72709,0.67975
A,465,0.31928,0.08019,0.1353,396.05436,-119.77348,-163.46141,404.37721,-123.44317,-162.47238,387.57218,-117.14951,-165.6709,-0.15424,-0.74025,0.6544,-0.1192,-0.73808,0.6641
T,466,0.27881,0.03782,0.14783,396.59028,-117.17472,-165.55513,402.79601,-123.33316,-168.25275,389.42887,-111.70791,-163.96058,-0.15856,-0.76886,0.61944,-0.15189,-0.74339,0.65139
G,467,0.23929,0.03654,0.15202,397.32545,-114.62722,-167.65136,398.87732,-122.04879,-172.77254,394.27885,-107.27449,-163.13804,-0.2175,-0.7537,0.62019,-0.19131,-0.74276,0.64165
G,468,0.2022,0.0545,0.14701,398.15849,-112.14815,-169.79254,394.5961,-118.53547,-175.29036,400.21242,-105.18872,-164.21919,-0.24646,-0.73345,0.63349,-0.22888,-0.73766,0.63519
T,469,0.17399,0.03808,0.14071,398.95246,-109.62681,-171.89892,391.38154,-113.15279,-175.63563,405.50719,-105.1231,-167.37491,-0.2349,-0.74596,0.62319,-0.24803,-0.73153,0.63509
C,470,0.12354,0.05446,0.13273,399.84398,-106.94505,-173.75304,390.7013,-106.61219,-173.87591,408.86084,-106.33413,-172.32561,-0.26376,-0.79342,0.54856,-0.25409,-0.72438,0.64086
T,471,0.04972,0.06702,0.11687,400.78141,-104.58365,-175.98225,392.83626,-101.37656,-172.7723,409.39216,-106.92895,-177.99941,-0.27734,-0.69864,0.65953,-0.2571,-0.71293,0.6524
C,472,0.05307,0.07232,0.09649,402.01544,-102.27698,-178.12254,398.07512,-97.18497,-171.62179,407.28642,-107.24005,-183.71711,-0.3651,-0.68245,0.63322,-0.25613,-0.70597,0.66031
C,473,0.13454,0.05418,0.08173,403.23633,-100.05474,-180.3576,404.20393,-95.71002,-172.36375,403.76435,-104.94236,-188.07426,-0.36121,-0.65747,0.66126,-0.25005,-0.70372,0.66502
T,474,0.18587,0.10251,0.07364,403.98493,-97.70233,-182.66632,409.0407,-95.22239,-175.45497,400.23158,-101.02946,-190.31858,-0.22148,-0.69598,0.68305,-0.24122,-0.70195,0.67013
C,475,0.2368,0.07608,0.0698,404.70964,-95.57628,-185.19201,412.76372,-96.62354,-180.97899,397.13232,-95.77422,-190.31641,-0.21441,-0.62901,0.74724,-0.22885,-0.70267,0.67371
A,476,0.28616,0.03451,0.06652,405.23501,-93.39971,-187.72399,413.07505,-98.10272,-187.36345,396.93501,-89.82228,-189.14755,-0.15543,-0.64395,0.74911,-0.21083,-0.71402,0.66762
G,477,0.31816,0.06411,0.06407,405.91209,-90.908,-189.90513,411.31038,-97.71299,-192.78003,399.43402,-84.71451,-188.06398,-0.20032,-0.73719,0.64531,-0.1871,-0.73324,0.65372
C,478,0.34935,0.10332,0.0621,406.38964,-88.53731,-192.26652,406.27101,-96.30061,-197.10715,404.91917,-80.73917,-187.71228,-0.14129,-0.70139,0.69864,-0.15783,-0.75142,0.64067
A,479,0.36762,0.10496,0.05874,406.93906,-86.04282,-194.48013,401.8364,-91.96094,-199.23967,410.62968,-79.45379,-189.315,-0.16255,-0.73802,0.65491,-0.12815,-0.76817,0.62729
A,480,0.3701,0.10468,0.1532,407.23638,-83.3092,-196.44566,398.83113,-86.36039,-198.38381,414.90329,-79.36738,-193.38053,-0.08797,-0.80876,0.58152,-0.10286,-0.78458,0.61144
A,481,0.34248,0.08226,0.24638,407.52367,-80.34814,-198.05002,398.69854,-80.56296,-195.64474,416.5687,-79.38764,-199.03966,-0.085,-0.87605,0.47466,-0.08202,-0.80139,0.59249
T,482,0.31467,0.0704,0.31599,407.78979,-77.46092,-199.78713,401.3196,-75.57617,-193.59852,415.28552,-78.7732,-204.86713,-0.07873,-0.85421,0.51394,-0.05647,-0.80958,0.58428
A,483,0.29509,0.05551,0.37441,408.02216,-74.59287,-201.56046,406.46055,-71.64897,-193.03935,411.14452,-77.41727,-209.68377,-0.06875,-0.84853,0.52465,-0.02377,-0.80992,0.58606
G,484,0.25344,0.06237,0.42525,407.77051,-71.7829,-203.42194,410.74965,-68.67083,-195.35012,406.35854,-75.00312,-211.86889,0.07445,-0.83135,0.55073,0.00559,-0.80913,0.5876
C,485,0.23985,0.10332,0,407.80566,-69.00334,-205.34476,415.38037,-68.13001,-200.28752,401.19619,-70.62159,-211.46118,-0.0104,-0.82235,0.56888,0.02972,-0.80476,0.59286
A,486,0.22322,0.10496,0,407.63789,-66.24637,-207.29292,416.62842,-67.84617,-206.72243,398.71091,-65.5753,-209.18321,0.04964,-0.81567,0.57638,0.05021,-0.79084,0.60996
A,487,0.1861,0.06903,0,407.29819,-63.743,-209.5384,414.46955,-68.44277,-212.73189,399.25062,-60.01311,-207.29362,0.1005,-0.74064,0.66434,0.06571,-0.77178,0.63249
A,488,0.12156,0.06858,0,406.59659,-61.43216,-211.90317,409.50915,-68.59528,-216.7941,402.21647,-54.91447,-207.20756,0.20758,-0.68368,0.69964,0.08053,-0.75851,0.64666
G,489,0.10371,0.03974,0,406.35758,-58.95962,-214.1953,404.72042,-66.50805,-219.09994,406.39369,-51.3724,-209.08186,0.07071,-0.73152,0.67814,0.08517,-0.75472,0.6505
C,490,0,0.05934,0,405.82746,-56.48942,-216.44062,399.2531,-62.53934,-218.41313,411.30273,-49.78138,-213.48458,0.15684,-0.73083,0.6643,0.08458,-0.7565,0.6485
G,491,0,0.02946,0,405.56932,-54.19678,-218.91075,396.95659,-57.1002,-217.85932,413.78366,-50.16715,-218.87527,0.07637,-0.6783,0.73081,0.08325,-0.75561,0.64972
T,492,0,0.09208,0,405.33803,-51.858,-221.33996,397.44772,-50.93044,-216.80156,413.78361,-51.66693,-224.85424,0.06843,-0.69194,0.7187,0.07468,-0.75145,0.65555
T,493,0,0.10857,0,405.06322,-49.23485,-223.45372,400.97285,-46.21414,-215.84723,410.49029,-51.60601,-230.42789,0.0813,-0.77608,0.62537,0.05653,-0.754,0.65444
T,494,0,0.06398,0,405.00201,-46.38733,-225.27368,406.13905,-43.36115,-216.71425,405.4789,-49.41755,-233.89371,0.01811,-0.84246,0.53845,0.03617,-0.75839,0.6508
A,495,0,0.0638,0,404.88774,-43.54003,-227.09144,411.04136,-41.61741,-220.59905,400.00802,-45.96007,-234.44305,0.03381,-0.8424,0.5378,0.02092,-0.71699,0.6143
A,496,0,0.05216,0,404.95991,-40.91653,-229.22133,413.65534,-41.58996,-226.45538,396.71901,-41.22744,-233.18433,-0.02135,-0.77618,0.63015,0.00926,-0.64653,0.54454
A,497,0,0.09289,0,404.95801,-38.57727,-231.66105,413.05226,-42.70382,-232.74235,396.32393,-35.54966,-231.63302,0.00056,-0.69209,0.72181,0.00202,-0.57802,0.47207
G,498,0,0,0,405.13784,-35.93143,-233.75667,410.47526,-42.16089,-237.80887,398.6201,-30.33603,-230.60628,-0.05321,-0.78279,0.62001,-0.00547,-0.50462,0.40486
A,499,0,0,0,405.38537,-33.49023,-236.08125,405.33171,-41.14169,-241.09791,403.83666,-25.86682,-231.26466,-0.07323,-0.72225,0.68775,-0.01044,-0.42369,0.34667
N,500,0,0,0,0,0,0,0,0,0,0,0,0,0,0,0,0,0,0